"year_category","region","A_adjusted","B_adjusted","C_adjusted","D_adjusted","F_adjusted","G_adjusted","H_adjusted","J_adjusted","K_adjusted","L_adjusted","N_adjusted","O_adjusted","P_adjusted","CRF01_AE_adjusted","CRF02_AG_adjusted","CRF03_A6B_adjusted","CRF04_cpx_adjusted","CRF05_DF_adjusted","CRF06_cpx_adjusted","CRF07_BC_adjusted","CRF08_BC_adjusted","CRF09_cpx_adjusted","CRF10_CD_adjusted","CRF11_cpx_adjusted","CRF12_BF_adjusted","CRF13_cpx_adjusted","CRF14_BG_adjusted","CRF15_01B_adjusted","CRF16_A2D_adjusted","CRF17_BF1_adjusted","CRF18_cpx_adjusted","CRF19_cpx_adjusted","CRF20_BG_adjusted","CRF21_A2D_adjusted","CRF22_01A1_adjusted","CRF23_BG_adjusted","CRF24_BG_adjusted","CRF25_cpx_adjusted","CRF26_A5U_adjusted","CRF27_cpx_adjusted","CRF28_BF1_adjusted","CRF29_BF1_adjusted","CRF30_0206_adjusted","CRF31_BC_adjusted","CRF32_06A6_adjusted","CRF33_01B_adjusted","CRF34_01B_adjusted","CRF35_A1D_adjusted","CRF36_cpx_adjusted","CRF37_cpx_adjusted","CRF38_BF1_adjusted","CRF39_BF1_adjusted","CRF40_BF1_adjusted","CRF41_CD_adjusted","CRF42_BF1_adjusted","CRF43_02G_adjusted","CRF44_BF_adjusted","CRF45_cpx_adjusted","CRF46_BF1_adjusted","CRF47_BF1_adjusted","CRF48_01B_adjusted","CRF49_cpx_adjusted","CRF50_A1D_adjusted","CRF51_01B_adjusted","CRF52_01B_adjusted","CRF53_01B_adjusted","CRF54_01B_adjusted","CRF55_01B_adjusted","CRF56_cpx_adjusted","CRF57_BC_adjusted","CRF58_01B_adjusted","CRF59_01B_adjusted","CRF60_BC_adjusted","CRF61_BC_adjusted","CRF62_BC_adjusted","CRF63_02A1_adjusted","CRF64_BC_adjusted","CRF65_cpx_adjusted","CRF66_BF1_adjusted","CRF67_01B_adjusted","CRF68_01B_adjusted","CRF69_01B_adjusted","CRF70_BF_adjusted","CRF71_BF_adjusted","CRF72_BF_adjusted","CRF73_BG_adjusted","CRF74_01B_adjusted","CRF75_BF1_adjusted","CRF76_01B_adjusted","CRF77_cpx_adjusted","CRF78_cpx_adjusted","CRF79_0107_adjusted","CRF80_0107_adjusted","CRF81_cpx_adjusted","CRF82_cpx_adjusted","CRF83_cpx_adjusted","CRF84_A1D_adjusted","CRF85_BC_adjusted","CRF86_BC_adjusted","CRF87_cpx_adjusted","CRF88_BC_adjusted","CRF89_BF1_adjusted","CRF90_BF1_adjusted","CRF91_cpx_adjusted","CRF92_C2U_adjusted","CRF93_cpx_adjusted","CRF94_cpx_adjusted","CRF95_02B_adjusted","CRF96_cpx_adjusted","CRF97_01b_adjusted","CRF98_06B_adjusted","CRF99_BF1_adjusted","CRF100_01C_adjusted","CRF101_01B_adjusted","CRF102_0107_adjusted","CRF103_01B_adjusted","CRF104_0107_adjusted","CRF105_0108_adjusted","CRF106_cpx_adjusted","CRF107_01B_adjusted","CRF108_BC_adjusted","CRF109_0107_adjusted","CRF110_BC_adjusted","CRF111_01C_adjusted","CRF112_01B_adjusted","CRF113_0107_adjusted","CRF114_0155_adjusted","CRF115_01C_adjusted","CRF116_0108_adjusted","CRF117_0107_adjusted","CRF118_BC_adjusted","CRF119_0107_adjusted","CRF120_0107_adjusted","CRF121_0107_adjusted","CRF122_BF1_adjusted","CRF123_0107_adjusted","CRF124_cpx_adjusted","CRF125_0107_adjusted","CRF126_0755_adjusted","CRF127_07109_adjusted","CRF128_07B_adjusted","CRF129_56G_adjusted","CRF130_A1B_adjusted","CRF131_A1B_adjusted","CRF132_94B_adjusted","CRF133_A6B_adjusted","CRF134_0107_adjusted","CRF135_0107_adjusted","CRF136_0107_adjusted","CRF137_0107_adjusted","CRF138_cpx_adjusted","CRF139_02B_adjusted","CRF140_0107_adjusted","CRF141_BF1_adjusted","CRF142_BC_adjusted","CRF143_cpx_adjusted","CRF145_0755_adjusted","CRF146_BC_adjusted","CRF147_A6B_adjusted","CRF148_cpx_adjusted","CRF149_01B_adjusted","CRF150_01B_adjusted","CRF151_0107_adjusted","CRF152_DG_adjusted","CRF153_55B_adjusted","CRF154_0755_adjusted","CRF155_0755_adjusted","CRF156_0755_adjusted","CRF157_A6C_adjusted","CRF159_01103_adjusted","CRF170_0107_adjusted","Number of unspecified CRFs_adjusted","total_CRF_adjusted","other_CRF_adjusted","URFs_adjusted","unspecified_recombinants_adjusted","total_recombinants_adjusted","Total number genotyped_adjusted","total_recorded_genotypes_adj"
"1990-1994","caribbean",0,33,0,0,0,0,0,0,0,0,0,0,0,0,0,0,0,0,0,0,0,0,0,0,0,0,0,0,0,0,0,0,0,0,0,0,0,0,0,0,0,0,0,0,0,0,0,0,0,0,0,0,0,0,0,0,0,0,0,0,0,0,0,0,0,0,0,0,0,0,0,0,0,0,0,0,0,0,0,0,0,0,0,0,0,0,0,0,0,0,0,0,0,0,0,0,0,0,0,0,0,0,0,0,0,0,0,0,0,0,0,0,0,0,0,0,0,0,0,0,0,0,0,0,0,0,0,0,0,0,0,0,0,0,0,0,0,0,0,0,0,0,0,0,0,0,0,0,0,0,0,0,0,0,0,0,0,0,0,0,0,0,0,0,0,0,0,0,0,0,0,0,0,0,0,0,0,33,33
"1995-1999","caribbean",1.64583333333333,464.595833333333,5.91666666666667,31.5833333333333,2.79166666666667,8.08333333333333,1.20833333333333,1,0,0,0,0,0,1.375,23.0208333333333,0,0,0,0.208333333333333,0,0,0.0625,0,0.625,0.208333333333333,0.0625,0,0,0,0,0.208333333333333,0.25,0,0,0,0,0.208333333333333,0.1875,0,0,0,0,0,0,0,0,0,0,0,0.6875,0,0,0,0,0,0,0,0,0,0,0,0,0,0,0,0,0,0,0,0,0,0,0,0,0,0,0,0,0,0,0,0,0,0,0,0,0,0,0,0,0,0,0,0,0,0,0,0,0,0,0,0,0,0,0,0,0,0,0,0,0,0,0,0,0,0,0,0,0,0,0,0,0,0,0,0,0,0,0,0,0,0,0,0,0,0,0,0,0,0,0,0,0,0,0,0,0,0,0,0,0,0,0,0,0,0,0,0,0,0,0,0,0,0,0,0,0,0,0,0,0,0,27.1041666666667,0,22.3333333333333,0,49.4375,566.2625,566.2625
"2000-2004","caribbean",6.68154761904762,1114.28869047619,31.75,7.08333333333333,3.29166666666667,18.0833333333333,9.20833333333333,0,0,0,0,0,0,2.16071428571429,38.2708333333333,0,0,0,0.208333333333333,0,0,0.3125,0,0.625,0.494047619047619,0.3125,0,0,0,0,30.7083333333333,80.5833333333333,21,0,0,6,20.2083333333333,0.9375,0,0,0,0,0,0,0,0,0,0,0,0.9375,0,0.285714285714286,0,0,0,0,0,0,0,0,0,0,0,0,0,0,0,0,0,0,0,0,0,0,0,0,0,0,0,0,0,0,0,0,0,0,0,0,0,0,0,0,0,0,0,0,0,0,0,0,0,0,0,0,0,0,0,0,0,0,0,0,0,0,0,0,0,0,0,0,0,0,0,0,0,0,0,0,0,0,0,0,0,0,0,0,0,0,0,0,0,0,0,0,0,0,0,0,0,0,0,0,0,0,0,0,0,0,0,0,0,0,0,0,0,0,0,0,0,0,0,0,203.044642857143,0,73.7619047619048,8.57142857142857,285.377976190476,1473.64583333333,1475.76488095238
"2005-2009","caribbean",18.8196428571429,1638.78154761905,53.197619047619,42.0833333333333,3.55833333333333,30.0785714285714,4.60833333333333,0.933333333333333,0,0,0,0,0,3.03214285714286,38.1375,0,0,0.5,0.208333333333333,0,0,0.3125,0,0.625,0.56547619047619,0.3125,0,0,0,0,60.2797619047619,97.3214285714286,13.0952380952381,0,0,28.8666666666667,8.92261904761905,0.9375,0,0,0,0,0,0.333333333333333,0,0,0,0,0,0.9375,0,0.357142857142857,0,0,0,0,0,0,0,0,0,0,0,0,0,0,0,0,0,0,0,0,0,0,0,0,0,0,0,0,0,0,0,0,0,0,0,0,0,0,0,0,0,0,0,0,0,0,0,0,0,0,0,0,0,0,0,0,0,0,0,0,0,0,0,0,0,0,0,0,0,0,0,0,0,0,0,0,0,0,0,0,0,0,0,0,0,0,0,0,0,0,0,0,0,0,0,0,0,0,0,0,0,0,0,0,0,0,0,0,0,0,0,0,0,0,0,0,0,0,0,34,288.744642857143,0,139.985714285714,16.7142857142857,445.444642857143,2257.14821428571,2237.50535714286
"2010-2014","caribbean",27.4196428571429,1937.16726190476,95.7023809523809,19.4833333333333,4.025,54.0880952380952,8.80833333333333,1.06666666666667,0,0,0,0,0,5.23214285714286,40.4041666666667,0,0,0.5,0.208333333333333,0,0,0.3125,0,0.625,1.36547619047619,0.3125,0,0,0,0,135.636904761905,251.845238095238,40.9047619047619,0,0,41.1333333333333,33.8940476190476,0.9375,0,0,0,0,0,0.666666666666667,0,0,0,0,0,0.9375,0,0.357142857142857,0,0,0,0,0,0,0,0,0,0,0,0,0,0,0,0,0,0,0,0,0,0,0,0,0,0,0,0,0,0,0,0,0,0,0,0,0,0,0,0,0,0,0,0,0,0,0,0,0,0,0,0,0,0,0,0,0,0,0,0,0,0,0,0,0,0,0,0,0,0,0,0,0,0,0,0,0,0,0,0,0,0,0,0,0,0,0,0,0,0,0,0,0,0,0,0,0,0,0,0,0,0,0,0,0,0,0,0,0,0,0,0,0,0,0,0,0,0,0,170,725.273214285714,0,269.652380952381,10.7142857142857,1005.63988095238,3212.87678571429,3153.4005952381
"2015-2019","caribbean",6.43333333333333,1306.7,12.4333333333333,44.7666666666667,1.33333333333333,7.66666666666667,0.166666666666667,0,0,0,0,0,0,2.2,16.1666666666667,0,0,0,0.166666666666667,0,0,0,0,0.5,1.36666666666667,0,0,0,0,0,49.1666666666667,44,53,0,0,0,3.76666666666667,0,0,0,0,0,0,0,0,0,0,0,0,0.5,0,0,0,0,0,0,0,0,0,0,0,0,0,0,0,0,0,0,0,0,0,0,0,0,0,0,0,0,0,0,0,0,0,0,0,0,0,0,0,0,0,0,0,0,0,0,0,0,0,0,0,0,0,0,0,0,0,0,0,0,0,0,0,0,0,0,0,0,0,0,0,0,0,0,0,0,0,0,0,0,0,0,0,0,0,0,0,0,0,0,0,0,0,0,0,0,0,0,0,0,0,0,0,0,0,0,0,0,0,0,0,0,0,0,0,0,0,0,0,0,0,0,170.833333333333,0,22.2666666666667,84,277.1,1657.6,1656.6
"1990-1994","central_africa",67.3333333333333,0.571428571428571,1.23809523809524,4,1.33333333333333,2.66666666666667,9.80952380952381,3,0,0,0,0,0,7.42857142857143,0,0,0,0,0,0,0,0,0,0,0,0,0,0,0,0,0,0,0,0,0,0,0,0,0,0,0,0,0,0,0,0,0,0,0,0,0,0,0,0,0,0,0,0,0,0,0,0,0,0,0,0,0,0,0,0,0,0,0,0,0,0,0,0,0,0,0,0,0,0,0,0,0,0,0,0,0,0,0,0,0,0,0,0,0,0,0,0,0,0,0,0,0,0,0,0,0,0,0,0,0,0,0,0,0,0,0,0,0,0,0,0,0,0,0,0,0,0,0,0,0,0,0,0,0,0,0,0,0,0,0,0,0,0,0,0,0,0,0,0,0,0,0,0,0,0,0,0,0,0,0,0,0,0,0,0,0,0,7.42857142857143,0,2,0,9.42857142857143,99.3809523809524,99.3809523809524
"1995-1999","central_africa",586.6,8.42857142857143,66.6285714285714,89.3,51.2,91,91.9571428571429,19,8,0,0,0,0,17.0714285714286,91.6,0,0,2,2.8,0,0,0.2,0,11.4,0,0.6,0,0,0,0,0.2,0,0,0,0.6,0,0,0,0,0,0,0,0,0,0,0,0,0,0,0,0,0,0,0,0,0,0,0,0,0,0,0,0,0,0,0,0,0,0,0,0,0,0,0,0,0,0,0,0,0,0,0,0,0,0,0,0,0,0,0,0,0,0,0,0,0,0,0,0,0,0,0,0,0,0,0,0,0,0,0,0,0,0,0,0,0,0,0,0,0,0,0,0,0,0,0,0,0,0,0,0,0,0,0,0,0,0,0,0,0,0,0,0,0,0,0,0,0,0,0,0,0,0,0,0,0,0,0,0,0,0,0,0,0,0,0,0,0,0,0,0,0,126.471428571429,0,61.8,0,188.271428571429,1204.38571428571,1200.38571428571
"2000-2004","central_africa",588.666666666667,8.66666666666667,164.333333333333,177.166666666667,73.6666666666667,191,96.1666666666667,48,16,1,0,0,0,36.5,138.333333333333,0,0,15,5.33333333333333,0,0,0.333333333333333,0,18.3333333333333,0,4,1,0,0,0,9.33333333333333,1,0,0,1,0,0,3,0,2,0,0,0,0,0,0,0,0,0,1,0,0,0,0,0,0,0,0,0,0,0,0,0,0,0,0,0,0,0,0,0,0,0,0,0,0,0,0,0,0,0,0,0,0,0,0,0,0,0,0,0,0,0,0,0,0,0,0,0,0,0,0,0,0,0,0,0,0,0,0,0,0,0,0,0,0,0,0,0,0,0,0,0,0,0,0,0,0,0,0,0,0,0,0,0,0,0,0,0,0,0,0,0,0,0,0,0,0,0,0,0,0,0,0,0,0,0,0,0,0,0,0,0,0,0,0,0,0,0,0,0,0,236.166666666667,0,211.333333333333,27,474.5,1861.16666666667,1839.16666666667
"2005-2009","central_africa",263,14.6666666666667,219,95,66,118,78,24,2.66666666666667,0,0,0,0,33,204.333333333333,0,0,2,13.3333333333333,0,0,10.3333333333333,0,115.333333333333,4,20,3,1,0,0,11.3333333333333,1,0,0,8,0,0,12.3333333333333,6,1,1,0,0,0,0,0,0,0,0,17,0,0,0,0,0,3,0,21.3333333333333,0,0,0,0,0,0,0,0,0,0,0,0,0,0,0,0,0,0,0,0,0,0,0,0,0,0,0,0,0,0,0,0,0,0,0,0,0,0,0,0,0,0,0,0,0,0,0,0,0,0,0,0,0,0,0,0,0,0,0,0,0,0,0,0,0,0,0,0,0,0,0,0,0,0,0,0,0,0,0,0,0,0,0,0,0,0,0,0,0,0,0,0,0,0,0,0,0,0,0,0,0,0,0,0,0,0,0,0,0,0,0,0,0,0,488.333333333333,0,194.333333333333,7,689.666666666667,1802,1570
"2010-2014","central_africa",263.733333333333,19.6666666666667,136.466666666667,90.5333333333333,31.1333333333333,84,30.7333333333333,28,17.3333333333333,0,0,0,0,31,102.733333333333,4,0,1,1.53333333333333,0,1,6.13333333333333,0,65.9333333333333,0,22.4,0,5,3,0,7.13333333333333,5,1,2,6.4,0,8,13.6666666666667,6,0,0,0,0,0,0,1,0,0,0,8,0,0,0,0,0,1,0,13.6666666666667,0,0,0,0,0,0,0,0,0,0,0,0,0,0,0,0,0,0,0,0,0,0,0,0,0,0,0,0,0,0,0,0,0,0,0,0,0,0,0,0,0,0,0,0,0,0,0,0,0,0,0,0,0,0,0,0,0,0,0,0,0,0,0,0,0,0,0,0,0,0,0,0,0,0,0,0,0,0,0,0,0,0,0,0,0,0,0,0,0,0,0,0,0,0,0,0,0,0,0,0,0,0,0,0,0,0,0,0,0,0,0,0,0,0,316.6,0,129.533333333333,8,454.133333333333,1234.73333333333,1155.73333333333
"2015-2019","central_africa",111.5,2,29,21.5,22.5,52.5,25.5,4,0,0,0,0,0,2,27.5,0,0,1,3.5,0,0,8.5,0,1.5,0,3,0,0,0,0,1.5,0,0,0,0,0,0,2.5,1,4,0,0,0,0,0,0,0,0,0,5.5,0,0,0,0,0,0,0,11,0,2.5,0,3,0,0,0,0,0,0,0,0,0,0,0,0,0,0,0,0,0,0,0,0,0,0,0,0,0,1,0,0,0,0,0,0,0,0,0,0,0,0,0,0,0,0,0,0,0,0,0,0,0,0,0,0,0,0,0,0,0,0,0,0,0,0,0,0,0,0,0,0,0,0,0,0,0,0,0,0,0,0,0,0,0,0,0,0,0,0,0,0,0,0,0,0,0,0,0,0,0,0,0,0,0,0,0,0,0,0,0,0,0,0,79,0,87,0,166,444.5,434.5
"1990-1994","east_africa",434.690476190476,0.208333333333333,39.8571428571429,813.470238095238,0,0.208333333333333,0,0,0,0,0,0,0,0,0,0,0,0,0,0,0,0,0,0,0,0,0,0,0,0,0,0,0,0,0,0,0,0,0,0,0,0,0,0,0,0,0,0,0,0,0,0,0,0,0,0,0,0,0,0,0,0,0,0,0,0,0,0,0,0,0,0,0,0,0,0,0,0,0,0,0,0,0,0,0,0,0,0,0,0,0,0,0,0,0,0,0,0,0,0,0,0,0,0,0,0,0,0,0,0,0,0,0,0,0,0,0,0,0,0,0,0,0,0,0,0,0,0,0,0,0,0,0,0,0,0,0,0,0,0,0,0,0,0,0,0,0,0,0,0,0,0,0,0,0,0,0,0,0,0,0,0,0,0,0,0,0,0,0,0,0,0,0,0,70.3333333333333,108.583333333333,178.916666666667,1485.05952380952,1467.35119047619
"1995-1999","east_africa",2716.33098845599,1.20833333333333,309.930916305916,2071.52402597403,2,23.6083333333333,1.5,1,0.5,0,0,0,0,1,0,0,0,0,0,0,0,0,0,0,0,0,0,0,0,0,0,0,0,0,0,0,0,0,0,0,0,0,0,0,0,0,0,0,0,0,0,0,0,0,0,0,0,0,0,0,0,0,0,0,0,0,0,0,0,0,0,0,0,0,0,0,0,0,0,0,0,0,0,0,0,0,0,0,0,0,0,0,0,0,0,0,0,0,0,0,0,0,0,0,0,0,0,0,0,0,0,0,0,0,0,0,0,0,0,0,0,0,0,0,0,0,0,0,0,0,0,0,0,0,0,0,0,0,0,0,0,0,0,0,0,0,0,0,0,0,0,0,0,0,0,0,0,0,0,0,0,0,0,0,0,0,0,0,0,0,0,0,1,0,331.910714285714,14.5833333333333,347.494047619048,5527.95952380952,5475.09664502164
"2000-2004","east_africa",2786.17821067821,2.20833333333333,1125.11345598846,2124.4775974026,4,20.975,1.5,1,0.5,0,0,0,0,1,5.625,1,0,1,0,0,0,0,21.3333333333333,0,0,0,0,0,0,0,0,0,0,0,0,0,0,0,0,0,0,0,0,0,0,0,0,0,11,0,0,0,0,0,0,0,0,0,0,0,0,0,0,0,0,0,0,0,0,0,0,0,0,0,0,0,0,0,0,0,0,0,0,0,0,0,0,0,0,0,0,0,0,0,0,0,0,0,0,0,0,0,0,0,0,0,0,0,0,0,0,0,0,0,0,0,0,0,0,0,0,0,0,0,0,0,0,0,0,0,0,0,0,0,0,0,0,0,0,0,0,0,0,0,0,0,0,0,0,0,0,0,0,0,0,0,0,0,0,0,0,0,0,0,0,0,0,0,0,0,0,0,40.9583333333333,0,777.125,159.654761904762,977.738095238095,7314.67738095238,7043.69069264069
"2005-2009","east_africa",5294.39739427239,9.95833333333333,1194.61954711955,1698.07117882118,3,53.9262820512821,1,0,0,0,0,0,0,45.8333333333333,11.375,0,0,0,3,2,0,0,51.6666666666667,0,0,0,0,0,41,0,0,0,0,1.83333333333333,0,0,0,0,0,1,0,0,0,0,0,0,0,0,0,0,0,0,0,0,0,0,0,0,0,0,0,0,1,0,0,0,0,0,0,0,0,0,0,0,0,0,0,0,0,0,0,0,0,0,0,0,0,0,0,0,0,0,0,0,0,0,0,0,0,0,0,0,0,0,0,0,0,0,0,0,0,0,0,0,0,0,0,0,0,0,0,0,0,0,0,0,0,0,0,0,0,0,0,0,0,0,0,0,0,0,0,0,0,0,0,0,0,0,0,0,0,0,0,0,0,0,0,0,0,0,0,0,0,0,0,0,0,0,0,0,0,0,158.708333333333,7,608.47619047619,253.607142857143,1020.79166666667,9471.38507326007,9275.7644022644
"2010-2014","east_africa",2972.21135531136,9.625,880.485347985348,1353.26327838828,1,41.4977106227106,0,6,1,0,0,0,0,38.1666666666667,1,0,0,0,0,0,0,0,19.6666666666667,0,0,0,0,0,3,0,1,0,0,1.16666666666667,0,0,0,0,0,0,0,0,0,0.666666666666667,0,0,0,9,0,0,0,0,0,0,0,0,0,0,0,0,0,0,2,0,0,0,0,0,0,0,0,0,0,0,0,0,0,0,0,0,0,0,0,0,0,0,0,0,0,0,0,0,0,0,0,0,0,0,0,0,0,0,0,0,0,0,0,0,0,0,0,0,0,0,0,0,0,0,0,0,0,0,0,0,0,0,0,0,0,0,0,0,0,0,0,0,0,0,0,0,0,0,0,0,0,0,0,0,0,0,0,0,0,0,0,0,0,0,0,0,0,0,0,0,0,0,0,0,0,0,0,59.3333333333333,135,0,383.888095238095,169.564285714286,688.452380952381,6076.87435897436,5953.53507326007
"2015-2019","east_africa",2423.48443223443,76.6666666666667,478.303113553114,1023.59010989011,0,73.6593406593407,0,1,6,0,0,0,0,14,4,0,0,0,0,0,0,0,1.33333333333333,0,0,0,0,0,0,0,1,0,0,3,0,0,0,0,0,0,0,0,0,0.333333333333333,0,0,0,1,0,0,0,0,0,0,0,0,0,0,0,0,0,0,0,0,0,0,0,0,0,0,0,0,0,0,0,0,0,0,0,0,0,0,0,0,0,0,0,0,0,0,0,0,0,0,0,0,0,0,0,0,0,0,0,0,0,0,0,0,0,0,0,0,0,0,0,0,0,0,0,0,0,0,0,0,0,0,0,0,0,0,0,0,0,0,0,0,0,0,0,0,0,0,0,0,0,0,0,0,0,0,0,0,0,0,0,0,0,0,0,0,0,0,0,0,0,0,0,0,0,0,0,1.66666666666667,26.3333333333333,0,161.6,232.257142857143,420.190476190476,4504.41794871795,4502.89413919414
"1990-1994","east_asia",10.6573529411765,435.301653832923,11.7734520123839,2.56470588235294,2.31323529411765,7.03970588235294,0.294117647058824,0,0,0,0,0,0,209.621184938213,13.3181114551084,0,0,0,1.37523219814241,41.4324561403509,10.5932748538012,0.294117647058824,0,0,0.344117647058824,0,0,0,0,0,0,0,0,0,0,0,0,0,0,0,0,0,0,0,0,0,0,0,0,0,0,0,0,0,0,0,0,0,0,0,0,0,0,0,0,0,0,0,0,0,0,0,0,0,0,0,0,0,0,0,0,0,0,0,0,0,0,0,0,0,0,0,0,0,0,0,0,0,0,0,0,0,0,0,0,0,0,0,0,0,0,0,0,0,0,0,0,0,0,0,0,0,0,0,0,0,0,0,0,0,0,0,0,0,0,0,0,0,0,0,0,0,0,0,0,0,0,0,0,0,0,0,0,0,0,0,0,0,0,0,0,0,0,0,0,0,0,0,0,0,0,14.2941176470588,291.272612526792,11.2538011695906,11.7235294117647,5.15,308.146141938557,790.511418062502,778.090365430923
"1995-1999","east_asia",23.9833333333333,1097.27946293473,52.9567866859663,7.03137254901961,2.71323529411765,8.60637254901961,0.294117647058824,0,0,0,0,0,0,514.71163131674,19.6838788146838,0,0,0,3.66932035972284,79.6447368421053,54.7207602339181,0.294117647058824,0,0,0.544117647058824,0,0,0,0,0,0,0,0,0,0,0,0,0,0,0,0,0,0,0,0,0,0,0,0,0,0,0,0,0,0,0,0,0,0,0,0,0,0,0,0,0,0,0,0,0,0,0,0,0,0,0,0,0,0,0,0,0,0,0,0,0,0,0,0,0,0,0,0,0,0,0,0,0,0,0,0,0,0,0,0,0,0,0,0,0,0,0,0,0,0,0,0,0,0,0,0,0,0,0,0,0,0,0,0,0,0,0,0,0,0,0,0,0,0,0,0,0,0,0,0,0,0,0,0,0,0,0,0,0,0,0,0,0,0,0,0,0,0,0,0,0,0,0,0,0,0,23.8235294117647,697.092092273052,24.9005847953216,13.5675770308123,25.75,736.409669303864,1947.27209465801,1929.27435029711
"2000-2004","east_asia",61.3926470588235,4183.14474601766,112.128870974227,10.0980392156863,6.17156862745098,18.5980392156863,0.294117647058824,0,0,0,0,0,0,1708.85447148311,41.521974052779,0.666666666666667,0,0,7.99789178829427,580.007481940144,177.914411027569,0.294117647058824,0,0,0.544117647058824,0,0,0.666666666666667,0,0,0,0,0,0,0.333333333333333,0,0,0,0,0,0,0,0,0,0,0.666666666666667,0,0,0,0,0,0,0,0,0.333333333333333,0.333333333333333,0,0,0,0,0,0,0,0,0,0,0,0,0,0.5,0,0,0,0,0,0,0.6,0.9,0,0,0,0,0,0,0,0,0,0,0,0,0,0,0,0,0,0,0,0,0,0,0,0,0,0,0,0,0,0,0,0,0,0,0,0,0,0,0,0,0,0,0,0,0,0,0,0,0,0,0,0,0,0,0,0,0,0,0,0,0,0,0,0,0,0,0,0,0,0,0,0,0,0,0,0,0,0,0,0,0,0,0,0,0,0,0,0,0,0,0,0,0,463.623529411765,2985.75799499778,155.389473684211,270.751470588235,27.95,3284.45946558601,7698.77095298922,7676.2874943426
"2005-2009","east_asia",51.1539215686275,10490.942811351,450.410708254594,18.1529411764706,21.4914565826331,51.5219887955182,1.1921568627451,0,1,0,0,0,0,7359.13379069331,117.053346601799,1.76190476190476,0,6,13.2184800235884,4114.75941938179,1270.28782372598,0.308823529411765,0.25,0.25,3.30882352941176,0.666666666666667,0,2.33333333333333,0,0,0,0,0,0,0.666666666666667,0,0,0,0,0,0,0,0,0,0,2.54166666666667,0,0,0,0,0,0,0,0,0.666666666666667,0.916666666666667,0,0,0,0,0,0,0,0,0,0,0,246.703174603175,0.666666666666667,1.5,0.428571428571429,12.6285714285714,0,0,0.666666666666667,0.583333333333333,2.5,3.16666666666667,0,3.35833333333333,1,0,0,0,0,0,0,0,0,0,0,0,0,0,0,0,0,0,0,0,0,0,0,0,0,0,0,0,0,0,0,0,0,0,0,0,0,0,0,0,0,0,0,0,0,0,0,0,0,0,0,0,0,0,0,0,0,0,0,0,0,0,0,0,0,0,0,0,0,0,0,0,0,0,0,0,0,0,0,0,0,0,0,0,0,0,0,0,0,0,0,64.1731092436975,13231.4991722845,1605.64225146199,566.691153127918,145.205555555556,13943.395880968,25180.8869908729,25029.2618655596
"2010-2014","east_asia",52.5322128851541,11110.162464986,767.478641456583,10.5666666666667,12.6928571428571,51.722619047619,1.13333333333333,0.6,0.6,0,0,0,0,18823.610410831,213.953571428571,4.77142857142857,1.2,0,4.74642857142857,11286.2043650794,2196.15873015873,0.625,0.625,1.625,0.2,1.16666666666667,0,2.5,0,0,1.6,0,0,0,0,0,0,0,0,0,0,0,0,0,0,3.33333333333333,0,0,0,0,0,0,0,0,0,0.625,0,0,0,0,0,0,0,15,2,0,0,1201.89087301587,0.666666666666667,11,0.571428571428571,100.988095238095,0,0,8.33333333333333,1.29166666666667,10.4,18.8666666666667,0,58.725,33.4166666666667,0,0,0,0,0,0,0,0,0,1,4.5,0,0,0,0,0,1.5,3.5,3,0,0,0,0,0,0,0,0,0,0,0,0,0,0,0,0,0,0,1.33333333333333,0,0,0,0,1.33333333333333,0,0,0,0,1.33333333333333,0,0,0,0,0,0,0,0,0,0,0,0,0,0,0,0,0,0,0,0,0,0,0,0,0,0,0,0,0,0,0,0,0,0,0,0,0,0,0,0,0,0,63.5857142857143,34087.1810457516,3661.84126984127,1618.59787581699,238.777777777778,35944.5566993464,48135.9181139122,47952.0454948646
"2015-2019","east_asia",53.6726890756303,3860.01830065359,592.075070028011,2.23333333333333,2.5,15.825,1.73333333333333,0.4,0.4,0,0,0,0,26559.1266339869,43.175,3.13333333333333,0.8,0,3.875,20284.5824929972,4674.38452380952,0.125,0.125,0.125,2,1.16666666666667,0,3.83333333333333,0,0,0.4,0,0,0,0,0,0,0,0,0,0,0,0,0,0,3.45833333333333,0,0,0,0,0,0,0,0,0,0.125,0,1.66666666666667,0,0,0,0,0,6,5.66666666666667,0.333333333333333,0,1787.2869047619,0.666666666666667,25.5,14.3333333333333,217.383333333333,0,0,8,1.625,45.5,54.0666666666667,1,159.583333333333,106.5,0,0,0,0,0,0,0,0,27,3,18.8333333333333,1,0,0,1.66666666666667,0,127.333333333333,10.5,7,1,0,0,0,0,0,0,0,5,0,0,0,2,2,0,8,1,11,2.66666666666667,0,0,0,0,2.66666666666667,0,0,0,0,2.66666666666667,0,37,0,0,0,0,0,0,0,0,0,0,0,0,0,0,0,0,0,0,0,0,0,0,0,0,0,0,0,0,0,0,0,0,0,0,0,0,0,0,0,0,19.5,54306.3805555556,7329.99642857143,2142.65368814192,383.5,56832.5342436975,61732.4086367881,61361.3919701214
"1990-1994","eeca",292.218302387268,52.026525198939,9.70344827586207,1.97241379310345,0,44.446949602122,1.2,0,0,0,0,0,0,0.344827586206897,5.6763925729443,3.33554376657825,0,0,0.172413793103448,0,0,0,0,0.172413793103448,0,0,0,0,0,0,0,0,0,0,0,0,0,0,0,0,0,0,0,0,0,0,0,0,0,0,0,0,0,0,0,0,0,0,0,0,0,0,0,0,0,0,0,0,0,0,0,0,0,0,0,16.3793103448276,0,0,0,0,0,0,0,0,0,0,0,0,0,0,0,0,0,0,0,0,0,0,0,0,0,0,0,0,0,0,0,0,0,0,0,0,0,0,0,0,0,0,0,0,0,0,0,0,0,0,0,0,0,0,0,0,0,0,0,0,0,0,0,0,0,0,0,0,0,0,0,0,0,0,0,0,0,0,0,0,0,0,0,0,0,0,0,0,0,0,0,0,0,0,0,0,26.0809018567639,0,0,1.20689655172414,27.2877984084881,428.855437665782,428.855437665782
"1995-1999","eeca",1281.73994104273,219.695572817987,27.6689244663383,13.6724137931034,0,46.246949602122,2.8,0,0,0,0,0,0,2.6948275862069,11.3234513964737,83.8664261195194,0,0,0.172413793103448,0,0,0,0,0.172413793103448,0,0,0,0,0,0,0.333333333333333,0,0,0,0,0,0,0,0,0,0,0,0,0,0,0,0,0,0,0,0,0,0,0,0,0,0,0,0,0,0,0,0,0,0,0,0,0,0,0,0,0,0,0,0,16.3793103448276,0,0,0,0,0,0,0,0,0,0,0,0,0,0,0,0,0,0,0,0,0,0,0,0,0,0,0,0,0,0,0,0,0,0,0,0,0,0,0,0,0,0,0,0,0,0,0,0,0,0,0,0,0,0,0,0,0,0,0,0,0,0,0,0,0,0,0,0,0,0,0,0,0,0,0,0,0,0,0,0,0,0,0,0,0,0,0,0,0,0,0,0,0,0,0,0,114.942176366568,0,24.25,1.20689655172414,140.399072918292,1737.02287464057,1732.22287464057
"2000-2004","eeca",2466.30338642088,215.786049008463,20.2236863711002,3.87241379310345,6,20.646949602122,0,0,0,0,0,0,0,5.9948275862069,38.7352161023561,65.3928967077547,0,0,0.172413793103448,0,0,0,0,0.172413793103448,0,0,0,0,0,0,0.666666666666667,0,0,0,0,0,0,0,0,0,0,0,0,0,0,0,0,0,0,0,0,0,0,0,0,0,0,0,0,0,0,0,0,0,0,0,0,0,0,0,0,0,0,0,0,16.3793103448276,0,0,0,0,0,0,0,0,0,0,0,0,0,0,0,0,0,0,0,0,0,0,0,0,0,0,0,0,0,0,0,0,0,0,0,0,0,0,0,0,0,0,0,0,0,0,0,0,0,0,0,0,0,0,0,0,0,0,0,0,0,0,0,0,0,0,0,0,0,0,0,0,0,0,0,0,0,0,0,0,0,0,0,0,0,0,0,0,0,0,0,0,0,0,0,0,127.513744994019,0,9.75,1.20689655172414,138.470641545743,2877.78884102713,2871.30312674141
"2005-2009","eeca",1836.18596217846,176.143508215922,5.36535303776683,0.172413793103448,3,27.9195603247327,0,0,0,0,0,0,0,2.76149425287356,55.4429084100484,28.0653326051906,0,0,1.17241379310345,0,0,0,0,0.172413793103448,0,0,0,0,0,0,0,0,0,0,0,0,0,0,0,0,0,0,0,0,0,0,0,0,0,0,0,0,0,0,0,0,0,0,0,0,0,0,0,0,0,0,0,0,0,0,0,0,0,0,0,19.6100795755968,0,0,0,0,0,0,0,0,0,0,0,0,0,0,0,0,0,0,0,0,0,0,0,0,0,0,0,0,0,0,0,0,0,0,0,0,0,0,0,0,0,0,0,0,0,0,0,0,0,0,0,0,0,0,0,0,0,0,0,0,0,0,0,0,0,0,0,0,0,0,0,0,0,0,0,0,0,0,0,0,0,0,0,0,0,0,0,0,0,0,0,0,0,0,0,0,107.224642429916,0,0.863636363636364,1.20689655172414,109.295175345277,2164.15989497318,2158.08197289526
"2010-2014","eeca",3416.53179869488,385.002882175296,29.4891625615764,1.17241379310345,0.666666666666667,27.8720078771803,0,0.2,0.2,0,0,0,0,2.92816091954023,117.991173870079,23.7995709158995,0,0,0.172413793103448,1,0,0,0,0.672413793103448,0,0,0,0,0,0,0,0,0,0,0,0,0,0,0,0,0,0,0,0,0,0,0,0,0,0,0,0,0,0,0,0,0,0,0,0,0,0,0,0,0,0,0,0,0,0,0,0,0,0,0,234.763925729443,0,0,0,0,0,0,0,0,0,0,0,0,0,0,0,0,0,0,0,0,0,0,0,0,0,0,0,0,0,0,0,0,0,0,0,0,0,0,0,0,0,0,0,0,0,0,0,0,0,0,0,0,0,0,0,0,0,0,0,0,0,0,0,0,0,0,0,0,0,0,0,0,0,0,0,0,0,0,0,0,0,0,0,0,0,0,0,0,0,0,0,0,0,0,0,0,381.327659021168,2,108.487878787879,5.20689655172414,495.022434360771,4417.61191158402,4356.15736612948
"2015-2019","eeca",4955.67578168958,363.483393617876,9.68735632183908,0.0344827586206897,0.333333333333333,40.5917209227554,0,0.8,0.8,0,0,0,0,3.06896551724138,381.348099027409,107.885057471264,0,0,3.03448275862069,0,0,0,0,0.53448275862069,0,0,0,0,0,0,0,0,2,0,0,0,0,0,0,0,0,0,0,0,0,0,0,0,0,0,0,0,0,0,0,0,0,0,0,0,0,0,0,0,0,0,0,0,0,0,0,0,0,0,0,442.660477453581,0,0,0,0,0,0,0,0,0,0,0,0,0,0,0,0,0,0,0,0,0,0,0,0,0,0,0,0,0,0,0,0,0,0,0,0,0,0,0,0,0,0,0,0,0,0,0,0,0,0,0,0,0,0,0,0,0,0,0,0,0,0,0,0,0,0,0,0,0,0,0,0,0,0,0,0,0,0,0,0,0,0,0,0,0,0,0,0,0,0,0,0,0,0,0,0,940.531564986737,0,200.648484848485,20.2413793103448,1161.42142914557,6662.00931597139,6532.82749778957
"1990-1994","eth_erit_dji",0.714285714285714,0,66.4285714285714,0,0,0,0,0,0,0,0,0,0,0,0,0,0,0,0,0,0,0,0,0,0,0,0,0,0,0,0,0,0,0,0,0,0,0,0,0,0,0,0,0,0,0,0,0,0,0,0,0,0,0,0,0,0,0,0,0,0,0,0,0,0,0,0,0,0,0,0,0,0,0,0,0,0,0,0,0,0,0,0,0,0,0,0,0,0,0,0,0,0,0,0,0,0,0,0,0,0,0,0,0,0,0,0,0,0,0,0,0,0,0,0,0,0,0,0,0,0,0,0,0,0,0,0,0,0,0,0,0,0,0,0,0,0,0,0,0,0,0,0,0,0,0,0,0,0,0,0,0,0,0,0,0,0,0,0,0,0,0,0,0,0,0,0,0,0,0,0,0,0,0,0,0,0,67.1428571428571,67.1428571428571
"1995-1999","eth_erit_dji",0.142857142857143,1,177.285714285714,2,0,0,0,0,0,0,0,0,0,0,0,0,0,0,0,0,0,0,0,0,0,0,0,0,0,0,0,0,0,0,0,0,0,0,0,0,0,0,0,0,0,0,0,0,0,0,0,0,0,0,0,0,0,0,0,0,0,0,0,0,0,0,0,0,0,0,0,0,0,0,0,0,0,0,0,0,0,0,0,0,0,0,0,0,0,0,0,0,0,0,0,0,0,0,0,0,0,0,0,0,0,0,0,0,0,0,0,0,0,0,0,0,0,0,0,0,0,0,0,0,0,0,0,0,0,0,0,0,0,0,0,0,0,0,0,0,0,0,0,0,0,0,0,0,0,0,0,0,0,0,0,0,0,0,0,0,0,0,0,0,0,0,0,0,0,0,0,0,0,0,30,0,30,180.428571428571,210.428571428571
"2000-2004","eth_erit_dji",4,0,253,3,0,0,0,0,0,0,0,0,0,0,6,0,0,0,0,0,0,0,0,0,0,0,0,0,0,0,0,0,0,0,0,0,0,0,0,0,0,0,0,0,0,0,0,0,0,0,0,0,0,0,0,0,0,0,0,0,0,0,0,0,0,0,0,0,0,0,0,0,0,0,0,0,0,0,0,0,0,0,0,0,0,0,0,0,0,0,0,0,0,0,0,0,0,0,0,0,0,0,0,0,0,0,0,0,0,0,0,0,0,0,0,0,0,0,0,0,0,0,0,0,0,0,0,0,0,0,0,0,0,0,0,0,0,0,0,0,0,0,0,0,0,0,0,0,0,0,0,0,0,0,0,0,0,0,0,0,0,0,0,0,0,0,0,0,0,0,0,2,8,0,5,0,13,271,273
"2005-2009","eth_erit_dji",0.666666666666667,3,370.666666666667,0,0,0,0,0,0,0,0,0,0,0,9,0,0,0,0,0,0,0,0,0,0,0,0,0,0,0,0,0,0,0,0,0,0,0,0,0,0,0,0,0,0,0,0,0,0,0,0,0,0,0,0,0,0,0,0,0,0,0,0,0,0,0,0,0,0,0,0,0,0,0,0,0,0,0,0,0,0,0,0,0,0,0,0,0,0,0,0,0,0,0,0,0,0,0,0,0,0,0,0,0,0,0,0,0,0,0,0,0,0,0,0,0,0,0,0,0,0,0,0,0,0,0,0,0,0,0,0,0,0,0,0,0,0,0,0,0,0,0,0,0,0,0,0,0,0,0,0,0,0,0,0,0,0,0,0,0,0,0,0,0,0,0,0,0,0,0,0,0,9,0,2,2,13,387.333333333333,387.333333333333
"2010-2014","eth_erit_dji",2.33333333333333,1,386.733333333333,0,0,0,0,0,0,0,0,0,0,0,0,0,0,0,0,0,0,0,0,0,0,0,0,0,0,0,0,0,0,0,0,0,0,0,0,0,0,0,0,0,0,0,0,0,0,0,0,0,0,0,0,0,0,0,0,0,0,0,0,0,0,0,0,0,0,0,0,0,0,0,0,0,0,0,0,0,0,0,0,0,0,0,0,0,0,0,0,0,0,0,0,0,0,0,0,0,0,0,0,0,0,0,0,0,0,0,0,0,0,0,0,0,0,0,0,0,0,0,0,0,0,0,0,0,0,0,0,0,0,0,0,0,0,0,0,0,0,0,0,0,0,0,0,0,0,0,0,0,0,0,0,0,0,0,0,0,0,0,0,0,0,0,0,0,0,0,0,0,0,0,2,0,2,392.066666666667,392.066666666667
"2015-2019","eth_erit_dji",4,3,793.6,3,0,0,0,0,0,0,0,0,0,0,1,0,0,0,0,0,0,0,0,0,0,0,0,0,0,0,0,0,0,0,0,0,0,0,0,0,0,0,0,0,0,0,0,0,0,0,0,0,0,0,0,0,0,0,0,0,0,0,0,0,0,0,0,0,0,0,0,0,0,0,0,0,0,0,0,0,0,0,0,0,0,0,0,0,0,0,0,0,0,0,0,0,0,0,0,0,0,0,0,0,0,0,0,0,0,0,0,0,0,0,0,0,0,0,0,0,0,0,0,0,0,0,0,0,0,0,0,0,0,0,0,0,0,0,0,0,0,0,0,0,0,0,0,0,0,0,0,0,0,0,0,0,0,0,0,0,0,0,0,0,0,0,0,0,0,0,0,0,1,0,0,0,1,804.6,804.6
"1990-1994","india_nepal_sl",0.5,0.5,22,0,0,0,0,0,0,0,0,0,0,0,0,0,0,0,0,0,0,0,0,0,0,0,0,0,0,0,0,0,0,0,0,0,0,0,0,0,0,0,0,0,0,0,0,0,0,0,0,0,0,0,0,0,0,0,0,0,0,0,0,0,0,0,0,0,0,0,0,0,0,0,0,0,0,0,0,0,0,0,0,0,0,0,0,0,0,0,0,0,0,0,0,0,0,0,0,0,0,0,0,0,0,0,0,0,0,0,0,0,0,0,0,0,0,0,0,0,0,0,0,0,0,0,0,0,0,0,0,0,0,0,0,0,0,0,0,0,0,0,0,0,0,0,0,0,0,0,0,0,0,0,0,0,0,0,0,0,0,0,0,0,0,0,0,0,0,0,0,0,0,0,0,0,0,23,23
"1995-1999","india_nepal_sl",2.7,35.5,317.2,0,0,0,0,0,0,0,0,0,0,0,0,0,0,0,0,0,0,0,0,0,0,0,0,0,0,0,0,0,0,0,0,0,0,0,0,0,0,0,0,0,0,0,0,0,0,0,0,0,0,0,0,0,0,0,0,0,0,0,0,0,0,0,0,0,0,0,0,0,0,0,0,0,0,0,0,0,0,0,0,0,0,0,0,0,0,0,0,0,0,0,0,0,0,0,0,0,0,0,0,0,0,0,0,0,0,0,0,0,0,0,0,0,0,0,0,0,0,0,0,0,0,0,0,0,0,0,0,0,0,0,0,0,0,0,0,0,0,0,0,0,0,0,0,0,0,0,0,0,0,0,0,0,0,0,0,0,0,0,0,0,0,0,0,0,0,0,0,0,0,0,3.4,0,3.4,358.8,358.8
"2000-2004","india_nepal_sl",13.4428571428571,4.82857142857143,1032.38571428571,0,0,0,0,0,0,0,0,0,0,1.92857142857143,0,0,0,0,0.428571428571429,0,0,0,0,0,0,0,0,0,0,0,0,0,0,0,0,0,0,0,0,0,0,0,0,0,0,0,0,0,0,0,0,0,0,0,0,0,0,0,0,0,0,0,0,0,0,0,0,0,0,0,0,0,0,0,0,0,0,0,0,0,0,0,0,0,0,0,0,0,0,0,0,0,0,0,0,0,0,0,0,0,0,0,0,0,0,0,0,0,0,0,0,0,0,0,0,0,0,0,0,0,0,0,0,0,0,0,0,0,0,0,0,0,0,0,0,0,0,0,0,0,0,0,0,0,0,0,0,0,0,0,0,0,0,0,0,0,0,0,0,0,0,0,0,0,0,0,0,0,0,0,0,0,2.35714285714286,0,3.6,0,5.95714285714286,1065.61428571429,1056.61428571429
"2005-2009","india_nepal_sl",14.7571428571429,13.5428571428571,1361.54761904762,0,0,0,0,0,0,0,0,0,0,1.35714285714286,0,0,0,0,0.571428571428571,0,0,0,0,0,0,0,0,0,0,0,0,0,0,0,0,0,0,0,0,0,0,0,0,0,0,0,0,0,0,0,0,0,0,0,0,0,0,0,0,0,0,0,0,0,0,0,0,0,0,0,0,0,0,0,0,0,0,0,0,0,0,0,0,0,0,0,0,0,0,0,0,0,0,0,0,0,0,0,0,0,0,0,0,0,0,0,0,0,0,0,0,0,0,0,0,0,0,0,0,0,0,0,0,0,0,0,0,0,0,0,0,0,0,0,0,0,0,0,0,0,0,0,0,0,0,0,0,0,0,0,0,0,0,0,0,0,0,0,0,0,0,0,0,0,0,0,0,0,0,0,0,0,1.92857142857143,0,10.5333333333333,0,12.4619047619048,1411.30952380952,1402.30952380952
"2010-2014","india_nepal_sl",16.9333333333333,37.6285714285714,1262.36666666667,0,0,0,0,0,0,0,0,0,0,0.714285714285714,0,0,0,0,0,0,0,0,0,0,0,0,0,0,0,0,0,0,0,0,0,0,0,0,0,0,0,0,0,0,0,0,0,0,0,0,0,0,0,0,0,0,0,0,0,0,0,0,0,0,0,0,0,0,0,0,0,0,0,0,0,0,0,0,0,0,0,0,0,0,0,0,0,0,0,0,0,0,0,0,0,0,0,0,0,0,0,0,0,0,0,0,0,0,0,0,0,0,0,0,0,0,0,0,0,0,0,0,0,0,0,0,0,0,0,0,0,0,0,0,0,0,0,0,0,0,0,0,0,0,0,0,0,0,0,0,0,0,0,0,0,0,0,0,0,0,0,0,0,0,0,0,0,0,0,0,0,0,0.714285714285714,0,54.4666666666667,9,64.1809523809524,1413.60952380952,1381.10952380952
"2015-2019","india_nepal_sl",20.6666666666667,15,1954.5,3,0,6,0,0,0,0,0,0,0,20,9,0,0,0,0,0,0,0,0,0,0,0,0,0,0,0,0,0,0,0,0,0,0,0,0,0,0,0,0,0,0,0,0,0,0,0,0,0,0,0,0,0,0,0,0,0,0,0,0,0,0,0,0,0,0,0,0,0,0,0,0,0,0,0,0,0,0,0,0,0,0,0,0,0,0,0,0,0,0,0,0,0,0,0,0,0,0,0,0,0,0,0,0,0,0,0,0,0,0,0,0,0,0,0,0,0,0,0,0,0,0,0,0,0,0,0,0,0,0,0,0,0,0,0,0,0,0,0,0,0,0,0,0,0,0,0,0,0,0,0,0,0,0,0,0,0,0,0,0,0,0,0,0,0,0,0,0,0,29,0,30,12,71,2074.66666666667,2070.16666666667
"1990-1994","latin_america",1,597.830595874713,26.4752600340836,1.07692307692308,61.1847270376682,0,0,0,0,0,0,0,0,0.192307692307692,0,0,0,0,0,0,0,0,0,0,11.8850267379679,0,0,0,0,0,0,0,0,0,0,0,0,0,0,0,0,0,0,6.42857142857143,0,0,0,0,0,0,4.11764705882353,0,0,0,0,0,0,0,0,0,0,0,0,0,0,0,0,0,0,0,0,0,0,0,0,0,0,0,0,0,0,0,0,0,0,0,0,0,0,0,0,0,0,0,0,0,0,0,0,0,0,0,0,0,0,0,0,0,0,0,0,0,0,0,0,0,0,0,0,0,0,0,0,0,0,0,0,0,0,0,0,0,0,0,0,0,0,0,0,0,0,0,0,0,0,0,0,0,0,0,0,0,0,0,0,0,0,0,0,0,0,0,0,0,0,0,0,0,0,0,0,0,22.6235529176706,0,17.168449197861,3.26923076923077,43.0612328847623,726.200167479579,730.628738908151
"1995-1999","latin_america",0.5,2842.28708938121,70.4026409864645,3.47692307692308,351.021920399862,0,0,0,0,0,0,0,0,0.192307692307692,0.4,0,0,0,0,0,0,0,0,0,16.8850267379679,0,0,0,0,1,0,0,0,0,0,0,0,0,0,0,0,0,0,10.7142857142857,0,0,0,0,0,0,4.11764705882353,0,0,0,0,0,0,0,0,0,0,0,0,0,0,0,0,0,0,0,0,0,0,0,0,0,0,0,0,0,0,0,0,0,0,0,0,0,0,0,0,0,0,0,0,0,0,0,0,0,0,0,0,0,0,0,0,0,0,0,0,0,0,0,0,0,0,0,0,0,0,0,0,0,0,0,0,0,0,0,0,0,0,0,0,0,0,0,0,0,0,0,0,0,0,0,0,0,0,0,0,0,0,0,0,0,0,0,0,0,0,0,0,0,0,0,0,0,0,0,0,0,33.3092672033848,0,106.835115864528,9.04700854700855,149.191391614921,3386.16567974509,3416.87996545938
"2000-2004","latin_america",2.6,12259.4865800866,1216.04014098646,17.2554945054945,1253.20585427644,0,0,0,0,0,0,0,0,1.20897435897436,5.16666666666667,0,0,0,0.666666666666667,0,0,1,0,0,433.753654188948,0,0,0,2.66666666666667,2,0,29,0,0,0,0,0,0,0,0,0.666666666666667,0,0,77.3809523809524,0,0,0,0,0,0,4.11764705882353,1.8,2.73333333333333,0,0,0,0,1.33333333333333,0,0,0,0,0,0,0,0,0,0,0,0,0,0,0,0,0,0,0,0,0,0,0,0,0,0,0,0,0,0,0,0,0,0,0,0,0,0,0,0,0,0,0,0,7.63636363636364,0,0,0,0,0,0,0,0,0.333333333333333,0,0,0,0,0,0,0,0,0,0,0,0,0,0,0,0,0,0,0,0,0,0,0,0,0,0,0,0,0,0,0,0,0,0,0,0,0,0,0,0,0,0,0,0,0,0,0,0,0,0,0,0,0,0,0,0,0,0,0,25.5,596.964258290729,0,1053.38814616756,293.252437839938,1943.60484229822,16783.0452931056,16692.1929121532
"2005-2009","latin_america",6.69415584415584,10193.5320452423,1346.35929470856,27.361988011988,687.94014041514,0.545454545454545,0.666666666666667,0,4.57142857142857,0,0,0,0,2.1518315018315,16.0404761904762,0,0,0,3.16666666666667,0,0,0,0,0,114.315374331551,0,0,1,0.333333333333333,1.875,0,0,0.428571428571429,0,0,0,0,0,0,0,8.06190476190476,1,0,114.692857142857,0,0,0,0,0,0,1.57352941176471,2,3.21666666666667,0,0,0,0,4.66666666666667,0,0,0,0,0,0,0,0,0,0,0,0,0,0,0,0,0,0,0,0,0,0,0,0,2.4,7.2,2.4,0,0,0,0,0,0,0,0,0,0,0,0,0,0,0,0,0,19.0909090909091,0,0,0,0,0,0,0,0,0.416666666666667,0,0,0,0,0,0,0,0,0,0,0,0,0,0,0,0,0,0,0,0,0,0,0,0,0,0,0,0,0,0,0,0,0,0,0,0,0,0,0,0,0,0,0,0,0,0,0,0,0,0,0,0,0,0,0,0,0,0,0,43.5,349.530453859866,0,798.650969781852,408.496846209346,1556.67826985106,13872.4843644917,13824.3494438568
"2010-2014","latin_america",14.6331168831169,10379.8445526696,1046.29086052836,12.5368298368298,763.910175935176,1.90909090909091,0.333333333333333,0,0.428571428571429,0,0,0,0,1.76739926739927,17.7261904761905,11,0,2,0.166666666666667,25,7,0,0,0,139.175,0,0,0,0,3.125,0,0,0.571428571428571,0,0,0,0,0,0,0,13.2714285714286,11,0,43.7833333333333,0,0,0,0,0,0,1.25,3.2,2.05,0,0,0,2,4,0,0,0,0,0,0,0,0,0,0,0,0,0,0,1,0,0,0,0,0,0,0,0,0,1.6,4.8,1.6,0,0,0,0,0,0,0,0,0,0,0,0,0,0,0,0,0,15.2727272727273,0,0,0,0,0,0,0,0,0.25,0,0,0,0,0,0,0,0,0,0,0,0,0,0,0,0,0,0,0,0,0,0,0,0,0,0,0,0,0,0,0,0,0,0,0,0,0,0,0,0,0,0,0,0,0,0,0,0,0,0,0,0,0,0,0,0,0,0,0,6.5,319.109174159174,28,1025.48272005772,249.227371239871,1593.81926545677,13783.928019203,13813.7057969808
"2015-2019","latin_america",7.07272727272727,30302.6220779221,3373.0875,33.830303030303,2793.48214285714,1.54545454545455,0,0,0,0,0,0,0,22.0833333333333,73.9166666666667,0,0,0,0,0,0,0,0,2,116.266666666667,0,0,0,0,0,3,0,3,0,0,0,0,0,0,0,4,5,0,10,0,0,0,0,0,0,0,1,0,0,0,0,3,19,0,0,0,0,0,0,0,0,0,0,0,0,0,0,0,0,0,0,0,0,0,0,0,0,0,0,0,0,0,0,0,0,0,0,0,0,0,0,0,0,0,0,0,0,0,0,0,0,0,0,0,0,0,0,0,0,0,0,0,0,0,0,0,0,0,0,0,0,0,0,0,0,0,0,0,0,0,0,0,0,0,0,0,0,0,0,0,0,0,0,0,0,0,0,0,0,0,0,0,0,0,0,0,0,0,0,0,0,0,0,0,0,0,3.5,265.766666666667,0,277.75,2698.09172077922,3241.60838744589,39850.1819264069,39753.2485930736
"1995-1999","middle_east_north_africa",12.6666666666667,49.1666666666667,1,1,0,1,0,0,0,0,0,0,0,0,16.8333333333333,0,0,0,0,0,0,0,0,0,0,0,0,0,0,0,0,0,0,0,0,0,0,0,0,0,0,0,0,0,0,0,0,0,0,0,0,0,0,0,0,0,0,0,0,0,0,0,0,0,0,0,0,0,0,0,0,0,0,0,0,0,0,0,0,0,0,0,0,0,0,0,0,0,0,0,0,0,0,0,0,0,0,0,0,0,0,0,0,0,0,0,0,0,0,0,0,0,0,0,0,0,0,0,0,0,0,0,0,0,0,0,0,0,0,0,0,0,0,0,0,0,0,0,0,0,0,0,0,0,0,0,0,0,0,0,0,0,0,0,0,0,0,0,0,0,0,0,0,0,0,0,0,0,0,0,0,0,16.8333333333333,0,0,0,16.8333333333333,81.6666666666667,81.6666666666667
"2000-2004","middle_east_north_africa",9.53333333333333,234.083333333333,10.75,11,2.25,4.5,0,0,0,0,0,0,0,3,51.2666666666667,0,0,0,49,0,0,1,0,0,0,0,0,0,0,0,0,0,0,0,0,0,0,0,0,0,0,0,0,0,0,0,0,0,0,0,0,0,0,0,0,0,0,0,0,0,0,0,0,0,0,0,0,0,0,0,0,0,0,0,0,0,0,0,0,0,0,0,0,0,0,0,0,0,0,0,0,0,0,0,0,0,0,0,0,0,0,0,0,0,0,0,0,0,0,0,0,0,0,0,0,0,0,0,0,0,0,0,0,0,0,0,0,0,0,0,0,0,0,0,0,0,0,0,0,0,0,0,0,0,0,0,0,0,0,0,0,0,0,0,0,0,0,0,0,0,0,0,0,0,0,0,0,0,0,0,0,0,104.266666666667,0,30.75,0,135.016666666667,415.633333333333,407.133333333333
"2005-2009","middle_east_north_africa",20.5095238095238,370.621428571429,5.96904761904762,0,3.35,4.76666666666667,0,0,0,0,0,0,0,1.6,84.4333333333333,37,0,0,5,0,0,1,0,0,0,0,0,0,0,0,0,0,0,0,0,0,0,1,0,0,0,0,0,0,0,0,0,0,0,0,0,0,0,0,0,0,0,0,0,0,0,0,0,0,0,0,0,0,0,0,0,0,0,0,0,0,0,0,0,0,0,0,0,0,0,0,0,0,0,0,0,0,0,0,0,0,0,0,0,0,0,0,0,0,0,0,0,0,0,0,0,0,0,0,0,0,0,0,0,0,0,0,0,0,0,0,0,0,0,0,0,0,0,0,0,0,0,0,0,0,0,0,0,0,0,0,0,0,0,0,0,0,0,0,0,0,0,0,0,0,0,0,0,0,0,0,0,0,0,0,0,0,130.033333333333,0,2.25,0,132.283333333333,547.6,537.5
"2010-2014","middle_east_north_africa",16.35,181.485714285714,29.9119047619048,4.35714285714286,1.15,4.70952380952381,0,0,0,0,0,0,0,15.7333333333333,91.1333333333333,0,0,0,91.5,1,0,0,0,0,0,0,0,1,0,0,0,0.75,0,0,2,0,0,0.75,0,0,0,0,0,0,0,0,0,2.66666666666667,0,0,0,0,0,0,0,0.75,0,0,0,0,0,0,1,0,0,2,0,1,0,0,0,0,0,0,0,0.666666666666667,0,0,0,0,0,0,0,0,0,0,0,0,0,0,0,0,0,0,0,0,0,0,0,0,0,0,0,0,0,0,0,0,0,0,0,0,0,0,0,0,0,0,0,0,0,0,0,0,0,0,0,0,0,0,0,0,0,0,0,0,0,0,0,0,0,0,0,0,0,0,0,0,0,0,0,0,0,0,0,0,0,0,0,0,0,0,0,0,0,0,0,0,0,0,0,0,211.95,92,7.25,0,219.2,467.135714285714,457.164285714286
"2015-2019","middle_east_north_africa",6.94047619047619,39.6428571428571,49.3690476190476,8.64285714285714,0.25,7.02380952380952,0,0,0,0,0,0,0,6.66666666666667,23.3333333333333,0,0,0,0.5,0,0,0,0,0,0,0,0,0,0,0,0,0.25,0,0,0,0,0,0.25,0,0,0,0,0,0,0,0,0,0.333333333333333,0,0,0,0,0,0,0,0.25,0,0,0,0,0,0,0,0,0,0,0,0,0,0,0,0,0,0,0,0.333333333333333,0,0,0,0,0,0,0,0,0,0,0,0,0,0,0,0,0,0,0,0,0,0,0,0,0,0,0,0,0,0,0,0,0,0,0,0,0,0,0,0,0,0,0,0,0,0,0,0,0,0,0,0,0,0,0,0,0,0,0,0,0,0,0,0,0,0,0,0,0,0,0,0,0,0,0,0,0,0,0,0,0,0,0,0,0,0,0,0,0,0,0,0,0,0,0,0,31.9166666666667,0,0.75,0,32.6666666666667,149.964285714286,144.535714285714
"1990-1994","north_america",10.3636363636364,212.562114356232,3.06060606060606,1.16666666666667,0.666666666666667,0.333333333333333,0.166666666666667,0.166666666666667,0,0,0,0,0,3.83333333333333,0.909090909090909,0,0,0,1.86363636363636,0,0,0,0,0,0,0,0,0,0,0,0,0,0,0,0,0,0.181818181818182,0,0,0,0,0,0,0,0,0,0,0,0,0,0,0,0,0,0,0,0,0,0,0,0,0,0,0,0,0,0,0,0,0,0,0,0,0,0,0,0,0,0,0,0,0,0,0,0,0,0,0,0,0,0,0,0,0,0,0,0,0,0,0,0,0,0,0,0,0,0,0,0,0,0,0,0,0,0,0,0,0,0,0,0,0,0,0,0,0,0,0,0,0,0,0,0,0,0,0,0,0,0,0,0,0,0,0,0,0,0,0,0,0,0,0,0,0,0,0,0,0,0,0,0,0,0,0,0,0,0,0,0,0,0,0,6.78787878787879,0,8,0,14.7878787878788,243.274235568353,243.274235568353
"1995-1999","north_america",90.2545454545455,7589.81302594464,106.621590909091,9.83333333333333,6.13333333333333,4.86666666666667,1.86666666666667,1.4,0,0,0,0,0,33.3940476190476,35.5542207792208,0,0,0,8.78787878787879,0,0,0.916666666666667,0,0,0,2.16666666666667,0,0,0,0,0.333333333333333,0,0,0,0,0,0.227272727272727,0.333333333333333,0,0,0,0.166666666666667,0,0,0,0,0,0,0,0,0,0,0,0,0,0,0,0.166666666666667,0,0,0,0,0,0,0,0,0,0,0,0,0,0,0,0,0,0,0,0,0,0,0,0,0,0,0,0,0,0,0,0,0,0,0,0,0,0,0,0,0,0,0,0,0,0,0,0,0,0,0,0,0,0,0,0,0,0,0,0,0,0,0,0,0,0,0,0,0,0,0,0,0,0,0,0,0,0,0,0,0,0,0,0,0,0,0,0,0,0,0,0,0,0,0,0,0,0,0,0,0,0,0,0,0,0,0,0,0,0,0,0,0,0,82.0467532467532,0,17.2083333333333,0.5,99.7550865800866,7910.54424888837,7910.54424888837
"2000-2004","north_america",151.13850903998,17018.7426172684,455.145727230286,41.5014705882353,50.725,26.5872549019608,2.18888888888889,1.87777777777778,1,0,0,0,0,87.9293309631545,146.091674991675,0,0,0.375,4.66843434343434,2.94117647058824,0.375,0.777777777777778,0.125,0.5,0.375,3.61111111111111,1.25,0.25,0.125,0.125,0.680555555555556,0.375,0.25,0.125,0.25,0,0.602272727272727,0.680555555555556,0,0,0.125,0.402777777777778,0,0,0,0,0,0.125,0,0,0,0.375,0,0,0,0.375,0,0.277777777777778,0,0,0,0,0,0,0,0,0,0,0,0,0,0,0,0,0,0,0,0,0,0,0,0,0,0,0,0,0,0,0,0,0,0,0,0,0,0,0,0,0,0,0,0,0,0,0,0,0,0,0,0,0,0,0,0,0,0,0,0,0,0,0,0,0,0,0,0,0,0,0,0,0,0,0,0,0,0,0,0,0,0,0,0,0,0,0,0,0,0,0,0,0,0,0,0,0,0,0,0,0,0,0,0,0,0,0,0,0,0,0,0,0,11.5708683473389,265.734313399019,2.64705882352941,129.232026143791,24,418.96633954281,18149.3914423811,18167.8735852383
"2005-2009","north_america",561.948826500297,73698.9974509967,1300.99493357949,132.269724556489,64.8154761904762,240.826937441643,4.44444444444444,5.05555555555556,0,0,0,0,0,354.41974610357,698.969391719392,0,0,1.875,57.4684343434343,28.1633986928105,1.875,1.52777777777778,2.625,2.5,34.2083333333333,4.61111111111111,6.25,1.25,0.625,0.625,1.18055555555556,1.875,23.25,0.625,3.25,0,40.5467171717172,1.18055555555556,0,0,0.625,0.902777777777778,0,0,0,0,0,0.625,0,0,0,1.875,0,0,0,2.875,0,0.277777777777778,0,0,0,0,0,0,0,0,0,0,0,0,0,0,0,0,0,0,0,0,0,0,0,0,0,0,0,0,0,0,0,0,0,0,0,0,0,0,0,0,0,0,0,0,0,0,0,0,0,0,0,0,0,0,0,0,0,0,0,0,0,0,0,0,0,0,0,0,0,0,0,0,0,0,0,0,0,0,0,0,0,0,0,0,0,0,0,0,0,0,0,0,0,0,0,0,0,0,0,0,0,0,0,0,0,0,0,0,0,0,0,0,0,75.6788048552754,1351.76038177509,187.480392156863,96.5891690009337,283.5,1731.84955077602,77722.4350428983,77741.2029000411
"2010-2014","north_america",760.051532128003,110215.597863329,1745.99320197776,183.513772175537,83.7928571428571,401.8197945845,8.77777777777778,9.72222222222222,0,0,0,0,0,566.807108740932,994.520066045066,0,0,0.75,80.2116161616162,56.4967320261438,0.75,1.77777777777778,1.05,1.66666666666667,61.0833333333333,3.61111111111111,2.5,0.5,0.25,1.05,1.80555555555556,1.75,57.5,0.25,0.5,0,97.9974747474747,0.805555555555556,0,0,0.25,0.527777777777778,0,0,0,0.2,0,0.25,0,0,0,0.75,0,0,0,0.75,0,0.277777777777778,0,0,0,0,0,0,0,0,0,0,0,0,0,0,0,0,0,0,0,0,0,0,0,0,0,0,0,0,0,0,0,0,0,0,0,0,0,0,0,0,0,0,0,0,0,0,0,0,0,0,0,0,0,0,0,0,0,0,0,0,0,0,0,0,0,0,0,0,0,0,0,0,0,0,0,0,0,0,0,0,0,0,0,0,0,0,0,0,0,0,0,0,0,0,0,0,0,0,0,0,0,0,0,0,0,0,0,0,0,0,0,0,0,108.012138188609,2044.6506914654,373.480392156863,104.499883286648,260,2409.15057475205,115853.726738947,115818.41959609
"2015-2019","north_america",245.242950513539,67859.4869281046,897.983940242764,54.7150326797386,25.8666666666667,131.566013071895,1.55555555555556,3.77777777777778,0,0,0,0,0,199.616433239963,275.955555555556,1,0,0,20,17.3986928104575,0,0,0.2,0.333333333333333,17.3333333333333,0,0,0,0,0.2,0,0,22,0,0,0,38.4444444444444,0,0,0,0,0,0,0,0,0.8,0,0,0,0,0,0,0,0,0,0,0,0,0,0,0,0,0,0,0,0,0,0,0,0,0,0,0,0,0,0,0,0,0,0,0,0,0,0,0,0,0,0,0,0,0,0,0,0,0,0,0,0,0,0,0,0,0,0,0,0,0,0,0,0,0,0,0,0,0,0,0,0,0,0,0,0,0,0,0,0,0,0,0,0,0,0,0,0,0,0,0,0,0,0,0,0,0,0,0,0,0,0,0,0,0,0,0,0,0,0,0,0,0,0,0,0,0,0,0,0,0,0,0,0,0,30.7381886087768,624.019981325864,120.392156862745,83.4705882352941,4,711.490569561158,69941.6282913165,69931.6854341737
"1990-1994","oceania",1,39.9666666666667,3.4,0,0,0.4,0,0,0,0,0,0,0,2.6,0,0,0,0,0,0,0,0,0,0,0,0,0,0,0,0,0,0,0,0,0,0,0,0,0,0,0,0,0,0,0,0,0,0,0,0,0,0,0,0,0,0,0,0,0,0,0,0,0,0,0,0,0,0,0,0,0,0,0,0,0,0,0,0,0,0,0,0,0,0,0,0,0,0,0,0,0,0,0,0,0,0,0,0,0,0,0,0,0,0,0,0,0,0,0,0,0,0,0,0,0,0,0,0,0,0,0,0,0,0,0,0,0,0,0,0,0,0,0,0,0,0,0,0,0,0,0,0,0,0,0,0,0,0,0,0,0,0,0,0,0,0,0,0,0,0,0,0,0,0,0,0,0,0,0,0,0,0,2.6,0,0,0,2.6,47.3666666666667,47.3666666666667
"1995-1999","oceania",2.5,87.0800865800866,9.59090909090909,0,0,1,0,0,0,0,0,0,0,9.92857142857143,0,0,0,0,0,0,0,0,0,0,0,0,0,0,0,0,0,0,0,0,0,0,0,0,0,0,0,0,0,0,0,0,0,0,0,0,0,0,0,0,0,0,0,0,0,0,0,0,0,0,0,0,0,0,0,0,0,0,0,0,0,0,0,0,0,0,0,0,0,0,0,0,0,0,0,0,0,0,0,0,0,0,0,0,0,0,0,0,0,0,0,0,0,0,0,0,0,0,0,0,0,0,0,0,0,0,0,0,0,0,0,0,0,0,0,0,0,0,0,0,0,0,0,0,0,0,0,0,0,0,0,0,0,0,0,0,0,0,0,0,0,0,0,0,0,0,0,0,0,0,0,0,0,0,0,0,0,0,9.92857142857143,0,0,0,9.92857142857143,110.099567099567,110.099567099567
"2000-2004","oceania",18.7242424242424,2034.21688311688,138.893939393939,6.50909090909091,6.6,2.2,0,0,0,0,0,0,0,136.107792207792,18.9090909090909,0,0,0,0,0,0,0,0,0,0,0,0,5,0,0,0,0,0,0,0,0,0,0,0,0,0,0,0,0,0,0,0,0,0,0,0,0,0,0,0,0,0,0,0,0,0,0,0,0,0,0,0,0,0,0,0,0,0,0,0,0,0,0,0,0,0,0,0,0,0,0,0,0,0,0,0,0,0,0,0,0,0,0,0,0,0,0,0,0,0,0,0,0,0,0,0,0,0,0,0,0,0,0,0,0,0,0,0,0,0,0,0,0,0,0,0,0,0,0,0,0,0,0,0,0,0,0,0,0,0,0,0,0,0,0,0,0,0,0,0,0,0,0,0,0,0,0,0,0,0,0,0,0,0,0,0,3.13333333333333,163.150216450216,0,0,0,163.150216450216,2372.56103896104,2370.29437229437
"2005-2009","oceania",88.2575757575758,10497.5568181818,766.284090909091,27.3674242424242,9.83333333333333,20.5,0,0,0,0,0,0,0,1047.38636363636,99.0757575757576,0,0,0,1,1.83333333333333,1,0,0,0,6.66666666666667,0,0.833333333333333,0,0,0,0,0,0,0,0,0,0,0,0,0,0,0,0,0,0,0,0,0,0,0,0,0,0,0,0,0,0,0,0,0,0,0,0,0,0,0,0,0,0,0,0,0,0,0,0,0,0,0,0,0,0,0,0,0,0,0,0,0,0,0,0,0,0,0,0,0,0,0,0,0,0,0,0,0,0,0,0,0,0,0,0,0,0,0,0,0,0,0,0,0,0,0,0,0,0,0,0,0,0,0,0,0,0,0,0,0,0,0,0,0,0,0,0,0,0,0,0,0,0,0,0,0,0,0,0,0,0,0,0,0,0,0,0,0,0,0,0,0,0,0,0,15.6666666666667,1173.46212121212,9.5,86.5833333333333,0,1260.04545454545,12738.3863636364,12669.8446969697
"2010-2014","oceania",81.9848484848485,7755.57954545455,757.964393939394,29.7234848484848,19.1666666666667,30.5,0,0,0,0,0,0,0,1010.37727272727,115.015151515152,1,0,0,1,0.166666666666667,1,0,0,0,1.33333333333333,0,0.166666666666667,0,0,0,0,0,1,0,0,0,0,0,0,0,0,1,0,0,0,0,0,1,0,0,0,0,0,0,0,0,0,0,0,0,0,0,0,0,0,0,0,0,0,0,0,0,0,0,0,0,0,0,0,0,0,0,0,0,0,0,0,0,0,0,0,0,0,0,0,0,0,0,0,0,0,0,0,0,0,0,0,0,0,0,0,0,0,0,0,0,0,0,0,0,0,0,0,0,0,0,0,0,0,0,0,0,0,0,0,0,0,0,0,0,0,0,0,0,0,0,0,0,0,0,0,0,0,0,0,0,0,0,0,0,0,0,0,0,0,0,0,0,0,0,0,15.6666666666667,1148.72575757576,7.5,64.4166666666667,0,1213.14242424242,9996.18636363636,9888.06136363636
"2015-2019","oceania",28.5333333333333,877.6,1017.86666666667,7.4,8.4,9.4,0,0,0,0,0,0,0,222.6,7,0,0,0,1,7,0,0,0,0,2,0,0,0,0,0,0,0,0,0,0,0,0,0,0,0,0,0,0,0,0,0,0,0,0,0,0,0,0,0,0,0,0,0,0,0,0,0,0,0,0,0,0,0,0,0,0,0,0,0,0,0,0,0,0,0,0,0,0,0,0,0,0,0,0,0,0,0,0,0,0,0,0,0,0,0,0,0,0,0,0,0,0,0,0,0,0,0,0,0,0,0,0,0,0,0,0,0,0,0,0,0,0,0,0,0,0,0,0,0,0,0,0,0,0,0,0,0,0,0,0,0,0,0,0,0,0,0,0,0,0,0,0,0,0,0,0,0,0,0,0,0,0,0,0,0,0,12.5333333333333,252.133333333333,3,0,0,252.133333333333,2210.4,2201.33333333333
"1990-1994","southeast_asia",1.5,347.152380952381,1.8,0.5,1.2,0,0,0,0,0,0,0,0,2241.65238095238,0,0,0,0,0,0,0,0,0,0,0,0,0,0,0,0,0,0,0,0,0,0,0,0,0,0,0,0,0,0,0,0,0,0,0,0,0,0,0,0,0,0,0,0,0,0,0,0,0,0,0,0,0,0,0,0,0,0,0,0,0,0,0,0,0,0,0,0,0,0,0,0,0,0,0,0,0,0,0,0,0,0,0,0,0,0,0,0,0,0,0,0,0,0,0,0,0,0,0,0,0,0,0,0,0,0,0,0,0,0,0,0,0,0,0,0,0,0,0,0,0,0,0,0,0,0,0,0,0,0,0,0,0,0,0,0,0,0,0,0,0,0,0,0,0,0,0,0,0,0,0,0,0,0,0,0,0,0,2241.65238095238,0,36.0857142857143,0,2277.7380952381,2636.62380952381,2629.89047619048
"1995-1999","southeast_asia",11.0821428571429,1077.50892857143,31.9392857142857,4.95892857142857,4.8,1.72321428571429,0,0,1.0625,0,0,0,0,4906.31607142857,3.71428571428571,0,0,0,0.142857142857143,6.85714285714286,0.714285714285714,0.285714285714286,0.285714285714286,0,0,0.142857142857143,0.142857142857143,1.18571428571429,0,0,0,0,0,0,0,0,0,0,0,0,0,0,0,0,0,0,0,0,0,0,0,0,0,0,0,0,0,0,0,0,0,0,0,0,0,0,0,0,0,0,0,0,0,0,0,0,0,0,0,0,0,0,0,0,0,0,0,0,0,0,0,0,0,0,0,0,0,0,0,0,0,0,0,0,0,0,0,0,0,0,0,0,0,0,0,0,0,0,0,0,0,0,0,0,0,0,0,0,0,0,0,0,0,0,0,0,0,0,0,0,0,0,0,0,0,0,0,0,0,0,0,0,0,0,0,0,0,0,0,0,0,0,0,0,0,0,0,0,0,0,0,0,4919.7875,2,90.0571428571428,16.25,5026.09464285714,6174.93630952381,6159.16964285714
"2000-2004","southeast_asia",83.4107142857143,762.292261904762,86.8630952380952,18.7946428571429,0,9.61607142857143,0,0,5.3125,0,0,0,0,11155.9946428571,18.5714285714286,0,0,0,0.714285714285714,34.2857142857143,3.57142857142857,1.42857142857143,1.42857142857143,0,0,0.714285714285714,0.714285714285714,4.52857142857143,0,0,0,0,0,0,0,0,0,0,0,0,0,0,0.214285714285714,0,0,23.3333333333333,0,0,0,0,0,0,0,0,0,0.214285714285714,0,0,0,0,0,0.428571428571429,0,0,0,0,0,0,0,0,0,0,0,0,0,0,0,0,0,0,0,0,0,0,0,0,0,0,0,0,0,0,0,0,0,0,0,0,0,0,0,0,0,0,0,0,0,0,0,0,0,0,0,0,0,0,0,0,0,0,0,0,0,0,0,0,0,0,0,0,0,0,0,0,0,0,0,0,0,0,0,0,0,0,0,0,0,0,0,0,0,0,0,0,0,0,0,0,0,0,0,0,0,0,0,0,0,0,0,0,0,0,11246.1422619048,10,126.285714285714,49.4166666666667,11421.8446428571,12457.3005952381,12388.1339285714
"2005-2009","southeast_asia",155.64880952381,915.727182539683,72.0416666666667,19.1089285714286,0,7.07321428571429,0,0,5.3125,0,0,0,0,12364.4946428571,27.847619047619,2,0,0,1.14285714285714,7.85714285714286,1.57142857142857,3.28571428571429,0.285714285714286,0,0,1.14285714285714,0.142857142857143,26.2857142857143,3,0,0,0,0,0,0,0,0,3,0,0,1,2,0.357142857142857,0,0,47.35,0,177,0,0,0,0,0,0,0,1.35714285714286,0,0,0,0,0,0.714285714285714,0,1.33333333333333,0,1.05,0.4,0,0,0,0,0,0,0,0,0,0,0,0,0,0,0,0,0,0,0,0,0,0,0,0,0,0,0,1.14285714285714,3.14285714285714,0,0,0,0,0,0,0,0,0,0,0,0,0.285714285714286,0,0,0,0,0,0,0,0,0,0,0,0,0,0,0,0,0,0,0,0,0,0,0,0,0,0,0,0,0,0,0,0,0,0,0,0,0,0,0,0,0,0,0,0,0,0,0,0,0,0,0,0,0,0,0,0,0,0,0,0,0,0,0,12679.1898809524,7,160.678571428571,83.7111111111111,12923.5795634921,14169.058531746,14098.4918650794
"2010-2014","southeast_asia",1151.45833333333,1087.38591269841,46.7130952380952,17.3375,0,80.0875,0,0,5.3125,0,0,0,0,11087.6803571429,117.366666666667,0,0,0,0,2,4.14285714285714,0,0,0,0,0,0,11,0,0,0,0,0,0,0,0,0,0,0,0,2,2,0.357142857142857,0,0,227.316666666667,0,726.571428571429,0,0,0,0,0,0,0,0.357142857142857,0,2,0,0,1,0.714285714285714,0,0.666666666666667,0,2.95,7.6,0,0,0,0,0,0,0,0,0,0,0,0,0,0,0,0,0,0,0,3,0,0,0,0,0,0,0,8.85714285714286,18.8571428571429,0,0,0,0,0,0,0,0,0,0,0,0,0.714285714285714,5,0,0,0,0,0,0,0,0,0,0,0,0,0,0,0,0,0,0,0,0,0,0,0,0,0,0,0,0,0,0,0,0,0,0,0,0,0,0,0,0,0,0,0,0,0,0,0,0,0,0,0,0,0,0,0,0,0,0,0,0,0,3,12235.1517857143,64,279.25,301.622222222222,12816.0240079365,14906.4188492063,15204.3188492063
"2015-2019","southeast_asia",268.366666666667,307.642857142857,232.042857142857,0,0,6.5,0,0,0,0,0,0,0,3018.27142857143,56.1666666666667,0,0,0,0,7,35,0,0,1,0,0,0,0,0,0,0,0,0,0,0,0,0,1,0,0,0,0,0.0714285714285714,0,0,0,0,320.928571428571,0,0,0,0,0,0,0,0.0714285714285714,0,0,0,0,0,0.142857142857143,0,0,3,0,0,0,0,1,0,0,0,1,0,0,6,0,0,0,0,0,0,0,0,0,0,0,0,0,0,0,0,0,0,0,0,0,0,0,0,0,0,0,0,0,0,0,0,0,0,0,0,0,0,0,0,0,0,0,0,0,0,0,0,0,0,0,0,0,0,0,0,0,0,0,0,0,0,0,0,0,0,0,0,0,0,0,0,0,0,0,0,0,0,0,0,0,0,0,0,0,0,0,0,0,0,0,0,0,0,0,3450.65238095238,45,91.7857142857143,90.6666666666667,3633.10476190476,4473.95714285714,4447.65714285714
"1990-1994","southern_africa",0.666666666666667,11.4242424242424,55.1439393939394,2.27272727272727,0,0,0,0,0,0,0,0,0,0,0,0,0,0,0,0,0,0,0,0,0,0,0,0,0,0,0,0,0,0,0,0,0,0,0,0,0,0,0,0,0,0,0,0,0,0,0,0,0,0,0,0,0,0,0,0,0,0,0,0,0,0,0,0,0,0,0,0,0,0,0,0,0,0,0,0,0,0,0,0,0,0,0,0,0,0,0,0,0,0,0,0,0,0,0,0,0,0,0,0,0,0,0,0,0,0,0,0,0,0,0,0,0,0,0,0,0,0,0,0,0,0,0,0,0,0,0,0,0,0,0,0,0,0,0,0,0,0,0,0,0,0,0,0,0,0,0,0,0,0,0,0,0,0,0,0,0,0,0,0,0,0,0,0,0,0,0,0,0,0,0,0,0,69.5075757575758,69.5075757575758
"1995-1999","southern_africa",15.1333333333333,20.6666666666667,1344.68446969697,2.6,0,8.8,0,1.6,0,0,0,0,0,0,0,0,0,0,0,0,0,0,0,0,0,0,0,0,0,0,0,0,0,0,0,0,0,0,0,0,0,0,0,0,0,0,0,0,0,0,0,0,0,0,0,0,0,0,0,0,0,0,0,0,0,0,0,0,0,0,0,0,0,0,0,0,0,0,0,0,0,0,0,0,0,0,0,0,0,0,0,0,0,0,0,0,0,0,0,0,0,0,0,0,0,0,0,0,0,0,0,0,0,0,0,0,0,0,0,0,0,0,0,0,0,0,0,0,0,0,0,0,0,0,0,0,0,0,0,0,0,0,0,0,0,0,0,0,0,0,0,0,0,0,0,0,0,0,0,0,0,0,0,0,0,0,0,0,0,0,0,0,0,0,1,0,1,1399.28446969697,1394.48446969697
"2000-2004","southern_africa",209.866666666667,18.1666666666667,2489.6976010101,108.4,1,7.2,0,0.4,0,0,0,0,0,0,1,4,0,1,0,0,0,0,9,0,0,0,0,0,0,0,0,1,0,0,0,0,0,1,0,0,0,0,0,0,0,0,0,14,0,7,0,1,0,0,0,0,0,0,0,0,0,0,0,0,0,0,0,0,0,0,0,0,0,0,0,0,0,0,0,0,0,0,0,0,0,0,0,0,0,0,0,0,0,0,0,0,0,0,0,0,0,0,0,0,0,0,0,0,0,0,0,0,0,0,0,0,0,0,0,0,0,0,0,0,0,0,0,0,0,0,0,0,0,0,0,0,0,0,0,0,0,0,0,0,0,0,0,0,0,0,0,0,0,0,0,0,0,0,0,0,0,0,0,0,0,0,0,0,0,0,0,0,39,0,14.8333333333333,0,53.8333333333333,2890.76426767677,2888.56426767677
"2005-2009","southern_africa",59.6904761904762,165.988095238095,11785.9548340548,55.5,2,16,0,2.25,1,0,0,0.5,0,0,12,0,1,0,0,0,0,4,0,0,0,0,0,0,3,0,0,0,0,0,0,0,0,0,0,0,0,0,0,0,0,0,0,0,0,0,0,0,0,0,0,0,0,0,0,0,0,0,0,0,0,0,0,0,0,0,0,0,0,0,0,0,0,0,0,0,0,0,0,0,0,0,0,0,0,0,0,0,0,0,0,0,0,0,0,0,0,0,0,0,0,0,0,0,0,0,0,0,0,0,0,0,0,0,0,0,0,0,0,0,0,0,0,0,0,0,0,0,0,0,0,0,0,0,0,0,0,0,0,0,0,0,0,0,0,0,0,0,0,0,0,0,0,0,0,0,0,0,0,0,0,0,0,0,0,0,0,0,20,0,20.5047619047619,3,43.5047619047619,12135.931024531,12132.3881673882
"2010-2014","southern_africa",37.4761904761905,27.8452380952381,11903.5797619048,146,2.33333333333333,6,0,0.75,0,0,0,1.5,0,1,6,0,0,0,0,0,0,0,1,1,0,0,0,0,2,0,0,0,0,0,0,0,0,0,0,0,0,0,0,0,0,0,0,0,0,0,0,0,0,0,0,0,0,0,0,0,0,0,0,0,0,0,0,0,0,0,0,0,0,0,0,0,0,0,0,0,0,0,0,0,0,0,0,0,0,0,0,0,0,0,0,0,0,0,0,0,0,0,0,0,0,0,0,0,0,0,0,0,0,0,0,0,0,0,0,0,0,0,0,0,0,0,0,0,0,0,0,0,0,0,0,0,0,0,0,0,0,0,0,0,0,0,0,0,0,0,0,0,0,0,0,0,0,0,0,0,0,0,0,0,0,0,0,0,0,0,0,0,11,0,22.9952380952381,0,33.9952380952381,12165.9369047619,12159.4797619048
"2015-2019","southern_africa",44.1666666666667,6,8871.66666666667,4.5,1.66666666666667,7,0,2,0.5,0,0,0,0,3,60,0,0,0,2,0,0,0,0,0,0,0,0,0,0,0,1,0,0,0,0,0,0,0,0,0,0,0,0,0,0,0,0,0,0,0,0,0,0,0,0,0,0,0,0,0,0,0,0,0,0,0,0,0,0,0,0,0,0,0,0,0,0,0,0,0,0,0,0,0,0,0,0,0,0,0,0,0,0,0,0,0,0,0,0,0,0,0,0,0,0,0,0,0,0,0,0,0,0,0,0,0,0,0,0,0,0,0,0,0,0,0,0,0,0,0,0,0,0,0,0,0,0,0,0,0,0,0,0,0,0,0,0,0,0,0,0,0,0,0,0,0,0,0,0,0,0,0,0,0,0,0,0,0,0,0,0,0,66,0,4.66666666666667,29,99.6666666666667,9098.16666666667,9037.16666666667
"1990-1994","wce",470.837691361875,6154.54830133853,437.566159515804,59.1104987118145,587.89198942316,91.6937725387135,7.21823498139288,3.09154704944179,0.151515151515152,0,0,0,0,198.654514857748,211.012118269661,0.3125,0,0.151515151515152,6.499666999667,0.495337995337995,0.222222222222222,0.909090909090909,0.151515151515152,6.30594405594406,2.66161616161616,2.86339355089355,0.701298701298701,0,0.19047619047619,0,2.27272727272727,0.757575757575758,1.21212121212121,0,0,0,0.94988344988345,0.303030303030303,0,0.151515151515152,0.192307692307692,0,0,0.454545454545455,0,0,0,0,0.0833333333333333,1.1013986013986,0,0,1.004329004329,0,0,0.234848484848485,0,0.19047619047619,0,0,0,0,0,0,0,0,0,0,0,0,0,0,0,0,0,0.0833333333333333,0,0,0,0,0,0,0,0,0,0,0,0,0,0,0,0,0,0,0,0,0,0,0,0,0,0,0,0,0,0,0,0,0,0,0,0,0,0,0,0,0,0,0,0,0,0,0,0,0,0,0,0,0,0,0,0,0,0,0,0,0,0,0,0,0,0,0,0,0,0,0,0,0,0,0,0,0,0,0,0,0,0,0,0,0,0,0,0,0,0,0,0,0,0,0,6.57894736842105,446.701582826832,25.5477855477855,149.492400928722,0.15625,596.350233755555,8382.73666710453,8408.45994382781
"1995-1999","wce",1678.849885249,20689.6867795691,1741.54194901183,325.313623044482,554.556799405919,364.640795231363,24.795688083846,17.6459914938862,1.90151515151515,0,0,0,0,389.340639859337,790.956089296914,2.3125,2,1.47294372294372,48.447761858025,0.715576090576091,0.555555555555556,2.2008658008658,1.71897546897547,46.8122699196229,17.399777864894,6.7991638590168,10.9251949804581,0,0.571428571428571,0.952380952380952,5.94574314574315,0.868686868686869,2.27979038505354,0,0.806349206349206,0.666666666666667,1.71178821178821,0.608794714057872,0,1.23030303030303,0.665697048049989,0.599775910364146,0,1.07777018303334,0.0952380952380952,0.0952380952380952,0,0,0.208333333333333,1.68716890952185,0,0,1.14718614718615,0,2.17575757575758,0.359848484848485,0,0.953383458646617,0.470588235294118,0.636190476190476,0,0.19047619047619,0.0952380952380952,0,0.19047619047619,0,0,0,0,0,0,0,6.09523809523809,0,0,0.398809523809524,0,0,0,0,0,0,0.0952380952380952,0.666666666666667,0.476190476190476,0,0,0,0,0,0,0,0,0,0,0,0,0,0,0,0,0,0,0,0,0,0.19047619047619,0,0,0,0,0,0,0,0,0,0,0,0,0,0,0,0,0,0,0,0,0,0,0,0,0,0,0,0,0,0,0,0,0,0,0,0,0,0,0,0,0,0,0,0,0,0,0,0,0,0,0,0,0,0,0,0,0,0,0,0,0,0,0,0,43.2456140350877,1399.11584554124,48.476356976357,408.206559890675,14.5047348484848,1821.8271402804,27327.8229063099,27220.7601665213
"2000-2004","wce",5187.65155430062,55242.6384252111,19894.2164056319,2424.45862657724,657.572216003425,1915.84713375868,31.8102377155009,25.2005776387355,6.62651515151515,0,0,0.833333333333333,0,1945.31538721552,3036.05144262779,13.0041666666667,19.5,7.03008658008658,582.261162667742,1.35843323343323,0.755555555555556,6.91125541125541,10.5007215007215,107.060775988717,60.9463204021641,29.2503683408095,120.170503327082,196.2,1.21428571428571,2.38095238095238,7.89137806637807,5.38106060606061,3.92924736082631,0,2.51159951159951,3.33333333333333,3.38242313242313,0.804283435862383,0.333333333333333,1.72727272727273,1.16261581555699,1.61316526610644,0,3.99944938102833,0.238095238095238,0.238095238095238,0,23.8461538461538,0.208333333333333,2.0717067246479,0,0,1.14718614718615,0,3.71515151515152,1.24873737373737,0,1.18379281537176,0.588235294117647,4.22128427128427,0,0.476190476190476,0.238095238095238,0,0.476190476190476,0,0,0,18.4615384615385,0,0,0,15.2380952380952,0,0,0.68452380952381,0,0,0,0,0,0,0.238095238095238,1.66666666666667,1.19047619047619,0,0,0,0,0,0,0,0,0,0,0,0,0,0,0,0,0,0,0,0,0,0.476190476190476,0,0,0,0,0,0,0,0,0,0,0,0,0,0,0,0,0,0,0,0,0,0,0,0,0,0,0,0,0,0,0,0,0,0,0,0,0,0,0,0,0,0,0,0,0,0,0,0,0,0,0,0,0,0,0,0,0,0,0,0,0,0,0,0,257.464912280702,6511.29832593151,91.6192141192141,2175.88483550223,1963.35087204462,10650.5340334784,96347.600842579,96037.3890588004
"2005-2009","wce",5591.98096112649,66937.1550570106,25754.8833125148,2088.52734738172,786.968791538906,3368.20138483067,29.805266955267,10.785372960373,3.52651515151515,0,2,37.2179487179487,1,3628.64448461125,4174.27902414026,24.7005952380952,6.5,6.04675324675325,748.222345928925,26.2167665667666,2.35555555555556,7.61277056277056,4.67294372294372,66.8957881987294,84.3841631150068,18.4170350074762,254.338313294892,268.5,3.21428571428571,2.38095238095238,9.95248917748918,19.7805555555556,7.22369180527075,0,7.04771062271062,3,7.22686757686758,1.96261676919572,2.29166666666667,1.86363636363636,2.59594914889033,2.27983193277311,0,7.83278271436166,1.03809523809524,0.238095238095238,0,60.7582417582418,0.208333333333333,5.43004005798123,0,0,1.14718614718615,0,15.0424242424242,5.00429292929293,0.4,4.32823725981621,0.588235294117647,21.2945165945166,0,1.10119047619048,1.8952380952381,0,0.476190476190476,0,0,0,46.1538461538461,0,0,0,15.2380952380952,0,0,0.68452380952381,0,0,0,0,0,0,0.238095238095238,1.66666666666667,1.19047619047619,0,0,0,0,0,0,0,0,0.2,0,0,0,0,0,0,0,0,0,0,0,0,0.476190476190476,0,0,0,0,0,0,0,0,0,0,0,0,0,0,0,0,0,0,0,0,0,0,0,0,0,0,0,0,0,0,0,0,0,0,0,0,0,0,0,0,0,0,0,0,0,0,0,0,0,0,0,0,0,0,0,0,0,0,0,0,0,0,0,0,375.433333333333,9960.67111986504,156.919214119214,5213.48556087828,3547.42899392274,18721.5856746661,123653.812347167,123333.637632854
"2010-2014","wce",4016.43696272338,46355.6229386111,6484.4418943114,513.117084201488,1748.69824473342,1663.53224996967,43.2064574314574,5.73986013986014,16.8848484848485,0,0,0.717948717948718,0,2098.35584066561,5172.23914532964,39.4321428571429,6,2.05627705627706,519.944973301552,40.5667665667666,2.94444444444444,23.2400432900433,2.22294372294372,31.7765538383185,137.727417083261,14.5674435042082,1141.97517920676,67.8,0.619047619047619,13.3809523809524,14.4774891774892,31.25,18.5348029163819,0,11.1105311355311,0,11.9379786879787,7.67928343586238,4.375,2.78484848484848,50.1783020900668,6.27983193277311,19.6666666666667,18.0272271588061,1.43809523809524,0.571428571428571,0,333.043956043956,12.2083333333333,10.9290596658244,0,0,1.0995670995671,0,19.0666666666667,4.52651515151515,1,6.71077694235589,1.35294117647059,44.5722943722944,0,1.85119047619048,3.58095238095238,0,0.476190476190476,0,0,0,47.4871794871795,0,0,0,19.9047619047619,0,0,0.68452380952381,0,0,0,0,0,0,0.238095238095238,1.66666666666667,1.19047619047619,0,0,0,0,0,0,0,0,0.5,0,0,0,0,0,0,0,0,0,0,0,0,0.476190476190476,0,0,0,0,0,0,0,0,0,0,0,0,0,0,0,0,0,0,0,0,0,0,0,0,0,0,0,0,0,0,0,0,0,0,0,0,0,0,0,0,0,0,0,0,0,0,0,0,0,0,0,0,0,0,0,0,0,0,0,0,0,0,0,0,229.511111111111,10255.2381050322,304.619214119214,1988.27248201145,1705.60047244422,13949.1110594879,74928.7676686081,74797.5095488125
"2015-2019","wce",1651.22040671747,17360.7688090504,1517.43881200499,180.870123014241,659.925002938238,677.400644453586,19.3560606060606,4.10909090909091,4.81818181818182,0,0,0.230769230769231,0,728.298822133749,1971.12247593093,6.23809523809524,1,0.151515151515152,107.887445887446,21.4268398268398,0.166666666666667,9.58051948051948,0.641991341991342,12.0420246420246,40.352069009422,3.21731601731602,118.525874125874,3.5,0.19047619047619,1.9047619047619,5.0965367965368,3.50757575757576,6.09307359307359,0,3.52380952380952,0,8.29805194805195,3.46017316017316,0,1.15151515151515,20.1666666666667,1.18739495798319,8.33333333333333,1.33549783549784,0.19047619047619,0.857142857142857,0,21.7802197802198,11.0833333333333,5.15670995670996,0,0,0.909090909090909,0,4,0.534848484848485,0.6,1.63333333333333,1,18.2357142857143,0,0.380952380952381,0.19047619047619,0,0.380952380952381,1,0,0,11.8974358974359,0,0,0,21.5238095238095,0,0,0.464285714285714,0,0,0,0,0,0,0.19047619047619,1.33333333333333,0.952380952380952,0,0,0,0,0,0,0,0,0.3,0,0,0,0,0,0,0,0,0,0,0,0,0.380952380952381,0,0,0,0,0,0,0,0,0,0,0,0,0,0,0,0,0,0,0,0,0,0,0,0,0,0,0,0,0,0,0,0,0,0,0,0,0,0,0,0,0,0,0,0,0,0,0,0,0,0,0,0,0,0,0,0,0,0,0,0,0,0,0,0,35.5555555555556,3228.93200190333,149.951082251082,575.1075058928,358.896176739927,4162.93568453605,26584.3432505811,26239.0735852791
"1990-1994","west_africa",54.3508771929825,3.21052631578947,5.63157894736842,7.58771929824561,4.5,6,0,0.631578947368421,0,0,0,1,0,0.166666666666667,57.2894736842105,0,0,0,10,0,0,1,0,0.666666666666667,0,0,0,0,0,0,0.333333333333333,0,0,0,0.333333333333333,0,0,0,0,0,0,0,0,0,0,0,0,0,0.166666666666667,0.666666666666667,0,0,0,0,0,0,0,0,0,0,0,0.631578947368421,0,0,0,0,0,0,0,0,0,0,0,0,0,0,0,0,0,0,0,0,0,0,0,0,0,0,0,0,0,0,0,0,0,0,0,0,0,0,0,0,0,0,0,0,0,0,0,0,0,0,0,0,0,0,0,0,0,0,0,0,0,0,0,0,0,0,0,0,0,0,0,0,0,0,0,0,0,0,0,0,0,0,0,0,0,0,0,0,0,0,0,0,0,0,0,0,0,0,0,0,0,0,0,0,0,0,0,0,0,0,71.2543859649123,0,7,0,78.2543859649123,160.666666666667,161.166666666667
"1995-1999","west_africa",2263.29375522139,35.1520467836257,49.3767752715121,89.671157059315,96.1666666666667,421.972222222222,5,8.78947368421053,2,0,0,11,0,20.9861111111111,969.972953216374,0,0,0,24.8015873015873,0,0,6.88888888888889,0,14.0555555555556,0,3.77777777777778,0,0,0,0,0.416666666666667,0,0,0,15.9722222222222,0,0,0,0,0,0,0,0,0,0,0,0,0,0.208333333333333,3.05555555555556,0,0,0,0,0,0,0,0.5,0,0,0,0.789473684210526,0,0,0,0,0,0,0,0,0,0,0,0,0,0,0,0,0,0,0,0,0,0,0,0,0,0,0,0,0,0,0,0,0,0,0,0,0,0,0,0,0,0,0,0,0,0,0,0,0,0,0,0,0,0,0,0,0,0,0,0,0,0,0,0,0,0,0,0,0,0,0,0,0,0,0,0,0,0,0,0,0,0,0,0,0,0,0,0,0,0,0,0,0,0,0,0,0,0,0,0,0,0,0,0,0,0,0,0,0,0,1061.42512531328,0,147.694444444444,0,1209.11956975773,4183.41666666667,4191.54166666667
"2000-2004","west_africa",346.283437761069,36.3742690058479,73.3688387635756,86.6314745196324,65.0833333333333,284.444444444444,7,10.2061403508772,2,0,0,9,0,74.7638888888889,2094.30073099415,0,1,0,456.981746031746,0,0,28.2777777777778,2,48.3611111111111,0,10.9722222222222,0,0,0,0,3.41666666666667,0,0,0,22.8611111111111,0,0,0,0,0,0,0,0.75,0,0,0,0,0,1.20833333333333,3.61111111111111,0,0,0,0,0,0.75,0,0.5,0,0,0,0.789473684210526,0,0,0,0,0,0,0,0,0,0,0,0,0,0,0,0,0,0,0,0,0,0,0,0,0,0,0,0,0,0,0,0,0,0,0,0,0,0,0,0,0,0,0,0,0,0,0,0,0,0,0,0,0,0,0,0,0,0,0,0,0,0,0,0,0,0,0,0,0,0,0,0,0,0,0,0,0,0,0,0,0,0,0,0,0,0,0,0,0,0,0,0,0,0,0,0,0,0,0,0,0,0,0,0,0,0,0,0,0,0,2750.54417293233,0,331.247222222222,26,3107.79139515455,4159.175,4028.18333333333
"2005-2009","west_africa",236.99454887218,27.9298245614035,76.5394736842105,124.615601503759,72.7261904761905,968.761904761905,7.58333333333333,4.37280701754386,3,0,0,0,0,14.625,3602.2701754386,1,0,23.6666666666667,557.222619047619,0,0,33.75,0,80.1666666666667,0,20.1666666666667,1,0,16,0,28.4642857142857,0.666666666666667,0,0,50.8571428571429,0,0,12.25,0,0,0,0,0.25,0,1,0,0,0,12.2083333333333,19.0833333333333,0,0,0,0,0,208.916666666667,0,0,0,0,0,1.78947368421053,0,0,0,0,0,0,0,0,0,0,0,0,0,0,0,0,0,0,0,0,0,0,0,0,0,0,0,0,0,0,0,0,0,0,0,0,0,0,0,0,0,0,0,0,0,0,0,0,0,0,0,0,0,0,0,0,0,0,0,0,0,0,0,0,0,0,0,0,0,0,0,0,0,0,0,0,0,0,0,0,0,0,0,0,0,0,0,0,0,0,0,0,0,0,0,0,0,0,0,0,0,0,0,0,0,0,0,0,0,0,4685.35369674185,0,228.903571428571,21,4935.25726817043,6683.87261904762,6457.78095238095
"2010-2014","west_africa",313.517857142857,22.3333333333333,64.1357142857143,114.438095238095,107.282142857143,1353.5,11.85,0,1.8,0,2.6,19.2,0,70.1833333333333,4603.68214285714,0,0,8.53333333333333,342.294047619048,0,0,40.45,0,94.2166666666667,0,42.075,0,1,0,0,34.6940476190476,1.16666666666667,0,0,137.90119047619,0,0,12.45,1.8,0,0,0,8,0,1,0,0,0,19.1083333333333,36.3333333333333,0,0,0,0,0,85.8333333333333,2,5.6,0,0,0,3,0,0,0,0,0,0,0,0,0,0,0,0,0,0,0,0,0,0,0,0,0,0,0,0,0,0,0,0,0,0,0,0,0,0,0,0,0,0,0,0,0,0,0,0,0,1.5,0,0,0,0,0,0,0,0,0,0,0,0,0,0,0,0,0,0,0,0,0,0,0,0,0,0,0,0,0,0,0,0,0,0,0,0,0,0,0,0,0,0,0,0,0,0,0,0,0,0,0,0,0,0,0,0,0,0,0,0,0,0,0,0,5552.82142857143,0,575.146428571429,117.857142857143,6245.825,8800.32380952381,8256.48214285714
"2015-2019","west_africa",446.892857142857,231,46.2809523809524,101.389285714286,113.241666666667,875.321428571429,4.56666666666667,1,2.2,0,0.4,5.8,0,33.9416666666667,3632.48452380952,0,0,0.8,113.366666666667,0,0,13.6333333333333,0,58.5333333333333,0,4.00833333333333,3,0,0,0,19.675,0.166666666666667,0,0,41.075,0,0,1.3,0.2,0,0,0,0,0,0,0,0,0,34.1,12.25,0,0,0,0,0,11.5,0,0.4,0,0,0,0,0,0,0,0,0,0,0,0,0,0,0,0,0,1,0,0,0,0,0,0,0,0,0,0,0,0,0,0,0,0,0,0,0,0,0,0,0,0,0,0,0,0,0,0,0,1.5,0,0,0,0,0,0,0,0,0,0,0,0,0,0,0,0,0,0,0,0,0,0,0,0,0,0,0,0,0,0,0,0,0,0,0,0,0,0,0,0,0,0,0,0,0,0,0,0,0,0,0,0,0,0,0,0,0,0,0,0,0,0,0,0,3982.93452380952,0,243.008333333333,149.142857142857,4375.08571428571,6311.87857142857,6203.17857142857
