"","year_category","Site 1: Country","simpson_indices","shannon_indices","inv_simpson","count_subtypes","count_CRFs","proportion_recombinants","proportion_CRFs","proportion_URFs","Total number genotyped_adjusted"
"1","2000-2004","Algeria",0.657628676470588,1.38041123960394,0.342371323529412,10,3,42.2794117647059,31.6176470588235,10.6617647058824,272
"2","2005-2009","Algeria",0.593005123635554,1.06479959327788,0.406994876364446,4,3,44.0298507462687,44.0298507462687,0,134
"3","2010-2014","Algeria",0.456832,0.973884739391972,0.543168,7,4,87.0967741935484,83.0645161290323,4.03225806451613,124
"4","1990-1994","Angola",0.444444444444444,0.636514168294813,0.555555555555556,2,0,66.6666666666667,0,66.6666666666667,3
"5","2000-2004","Angola",0.815142128279883,1.98707434119507,0.184857871720117,15,7,39.5408163265306,6.12244897959184,33.4183673469388,392
"6","2005-2009","Angola",0.834638679698766,2.08238568181471,0.165361320301234,16,7,41.7705735660848,12.2194513715711,29.5511221945137,267.333333333333
"7","2010-2014","Angola",0.84786703601108,2.13849115046977,0.15213296398892,12,4,45.2631578947368,16.8421052631579,28.4210526315789,31.6666666666667
"8","2015-2019","Angola",0.790657439446367,1.85709588395084,0.209342560553633,9,2,17.6470588235294,8.82352941176471,8.82352941176471,34
"9","1980-1989","Argentina",0.446124763705104,0.739321330224592,0.553875236294896,3,1,69.5652173913043,69.5652173913043,0,8.11764705882353
"10","1990-1994","Argentina",0.446124763705104,0.739321330224592,0.553875236294896,3,1,69.5652173913043,69.5652173913043,0,6.76470588235294
"11","1995-1999","Argentina",0.561565401116002,0.952565799958814,0.438434598883998,5,1,8.64784647036999,1.30864447367533,7.33920199669466,436.014705882353
"12","2000-2004","Argentina",0.620826887075289,1.27623718415392,0.379173112924711,10,4,25.7052239219555,13.1127709065344,9.96521185615411,3095.76960784314
"13","2005-2009","Argentina",0.715662031853165,1.40285713993041,0.284337968146835,10,5,56.7895272651335,12.7254692108904,24.5386201675846,638.483333333333
"14","2010-2014","Argentina",0.6399300495306,1.24119970273289,0.3600699504694,9,3,55.8464189215648,8.98696009711399,44.2358147002389,1276.85
"15","2015-2019","Argentina",0.663302803653421,1.28248390149791,0.336697196346579,8,2,44.8098663926002,20.9660842754368,0.616649537512847,486.5
"16","2020-2022","Argentina",0.569890369370889,0.988837260952055,0.430109630629111,6,1,41.8181818181818,0.519480519480519,0,192.5
"17","2005-2009","Armenia",0.145627876397107,0.348989701096256,0.854372123602893,4,2,3.84615384615385,3.84615384615385,0,15.6
"18","2010-2014","Armenia",0.145627876397107,0.348989701096256,0.854372123602893,4,2,3.84615384615385,3.84615384615385,0,62.4
"19","2015-2019","Armenia",0.358194444444444,0.772114196488831,0.641805555555556,6,3,9.16666666666667,9.16666666666667,0,120
"20","1990-1994","Australia",0.279366355972368,0.613494833542495,0.720633644027632,5,1,5.48909218859958,5.48909218859958,0,47.3666666666667
"21","1995-1999","Australia",0.358125035947012,0.743731028942276,0.641874964052988,5,1,9.01781150473794,9.01781150473794,0,110.099567099567
"22","2000-2004","Australia",0.228659988687474,0.539745798544993,0.771340011312526,9,3,7.14806589477701,7.14806589477701,0,2114.56103896104
"23","2005-2009","Australia",0.299280540511446,0.676727578276996,0.700719459488554,15,8,9.93696420922075,9.25415115565616,0.68281305356459,12680.3863636364
"24","2010-2014","Australia",0.360760115868049,0.797606348072457,0.639239884131951,19,12,12.219174578408,11.5703484554154,0.648826122992649,9928.18636363636
"25","2015-2019","Australia",0.477859969044155,1.02902042337313,0.522140030955845,12,6,19.9567305155401,19.9567305155401,0,1263.4
"26","2000-2004","Austria",0.356100045269353,0.890618028799668,0.643899954730647,11,4,10.6382978723404,10.6382978723404,0,188
"27","2005-2009","Austria",0.558805363500855,1.24199568872045,0.441194636499145,7,2,23.7310924369748,10.0840336134454,13.6470588235294,141.666666666667
"28","2010-2014","Austria",0.556816319644204,1.2469911409719,0.443183680355796,7,2,23.2198602646053,11.1491006392151,12.0707596253902,320.333333333333
"29","1995-1999","Azerbaijan",0.164864,0.378534878287738,0.835136,4,1,5.6,0.8,4.8,31.25
"30","2000-2004","Azerbaijan",0.181171020925173,0.433298752057846,0.818828979074827,5,2,5.30164533820841,2.0109689213894,3.29067641681901,136.75
"31","2015-2019","Azerbaijan",0.209418402777778,0.434940866684339,0.790581597222222,3,1,6.25,6.25,0,96
"32","1995-1999","Bangladesh",0.752372206917661,1.82281091706446,0.247627793082339,15,10,42.9292929292929,42.9292929292929,0,28.2857142857143
"33","2000-2004","Bangladesh",0.759615356055543,1.88942706010523,0.240384643944457,19,13,43.7810945273632,42.8855721393035,0.895522388059702,143.571428571429
"34","2005-2009","Bangladesh",0.798436024014956,2.21822827630553,0.201563975985044,21,15,48.3101391650099,42.544731610338,5.76540755467197,71.8571428571429
"35","2010-2014","Bangladesh",0.58,1.08889997534522,0.42,4,3,100,40,60,3.57142857142857
"36","2015-2019","Bangladesh",0.57629520052597,1.32319052447084,0.42370479947403,12,9,75.6521739130435,75,0.652173913043478,65.7142857142857
"37","1995-1999","Barbados",0,0,1,1,0,0,0,0,36
"38","1995-1999","Belarus",0,0,1,1,0,0,0,0,40
"39","2000-2004","Belarus",0.231111111111111,0.392674467227552,0.768888888888889,2,0,0,0,0,30
"40","2015-2019","Belarus",0.108876782566896,0.254782417411485,0.891123217433104,3,1,1.89873417721519,1.89873417721519,0,158
"41","1980-1989","Belgium",0.601824565690834,1.38200052010307,0.398175434309166,10,1,5.06702412868633,4.6916890080429,0.375335120643432,196.315789473684
"42","1990-1994","Belgium",0.594575706647003,1.35736730808821,0.405424293352997,10,1,4.19515226848975,3.88440024860162,0.310752019888129,169.368421052632
"43","1995-1999","Belgium",0.67102505385317,1.60376257971884,0.32897494614683,12,3,10.5359765051395,8.07635829662262,2.45961820851689,143.368421052632
"44","2000-2004","Belgium",0.706520626535167,1.59574402446176,0.293479373464833,13,4,17.2003194656211,10.6585348144921,6.54178465112902,362.447368421053
"45","2005-2009","Belgium",0.677098053079468,1.52346281090579,0.322901946920532,11,3,20.4020100502513,9.84924623115578,10.5527638190955,497.5
"46","2010-2014","Belgium",0.690843289123387,1.61828153897646,0.309156710876613,11,4,20.0492004920049,14.8831488314883,5.16605166051661,813
"47","2015-2019","Belgium",0.732897085068412,1.65559826083849,0.267102914931588,8,1,21.9512195121951,7.31707317073171,14.6341463414634,41
"48","1990-1994","Benin",0.172335600907029,0.314492201281411,0.827664399092971,2,0,0,0,0,21
"49","1995-1999","Benin",0.54761515755536,0.995180492238498,0.45238484244464,6,1,21.1221122112211,20.7920792079208,0.33003300330033,303
"50","2005-2009","Benin",0.515625,0.998778509152884,0.484375,5,2,90.625,68.75,21.875,32
"51","2015-2019","Benin",0.521754682622269,1.08081971956805,0.478245317377731,7,3,90.6882591093117,74.8987854251012,15.7894736842105,247
"52","1995-1999","Bolivia (Plurinational State of)",0.121838570562206,0.240951129269914,0.878161429437794,2,0,0,0,0,70.3333333333333
"53","2000-2004","Bolivia (Plurinational State of)",0.158676418317436,0.342064133762296,0.841323581682564,3,0,2.44299674267101,0,2.44299674267101,204.666666666667
"54","2005-2009","Bolivia (Plurinational State of)",0.42,0.610864302054894,0.58,2,0,30,0,30,30
"55","2010-2014","Bosnia and Herzegovina",0.205761316872428,0.470900127917266,0.794238683127572,4,1,3.7037037037037,3.7037037037037,0,27
"56","1995-1999","Botswana",0.060546875,0.139060798454741,0.939453125,2,0,3.125,0,3.125,32
"57","2000-2004","Botswana",0.0100248082279566,0.0316789217525229,0.989975191772043,2,0,0.503778337531486,0,0.503778337531486,198.5
"58","2005-2009","Botswana",0,0,1,1,0,0,0,0,362.5
"59","2010-2014","Botswana",0.0106381582713938,0.03967205985599,0.989361841728606,6,1,0.247855100095329,0.0571973307912297,0.190657769304099,1748.33333333333
"60","2015-2019","Botswana",0.00417699325603305,0.0178909965892518,0.995823006743967,5,0,0.0522807476146909,0,0.0522807476146909,1275.16666666667
"61","2020-2022","Botswana",0,0,1,1,0,0,0,0,4.5
"62","1980-1989","Brazil",0.370419147079895,0.795479302150083,0.629580852920105,8,2,2.91139933234827,1.73479997810978,0.213429650303727,63.8916083916084
"63","1990-1994","Brazil",0.337402343595459,0.747725029686168,0.662597656404541,9,3,4.00628319101451,1.58867518115391,1.7851336144438,516.895354645355
"64","1995-1999","Brazil",0.3469840228158,0.777193531386324,0.6530159771842,11,4,5.39977495511317,1.02660969582009,3.65304547685267,1256.31995781996
"65","2000-2004","Brazil",0.479403329054129,1.05100217347806,0.520596670945871,19,12,10.6046712749713,1.60248989338289,6.8571319218363,9879.45072982573
"66","2005-2009","Brazil",0.518454687507386,1.16307997072863,0.481545312492614,24,15,11.7119923386234,2.56976726542448,6.25158030041703,9799.15462592963
"67","2010-2014","Brazil",0.503105873973337,1.11442952782521,0.496894126026663,24,16,9.8004526385049,1.73467457686622,5.42934568011465,8060.08913031413
"68","2015-2019","Brazil",0.533418289849122,1.08548114261155,0.466581710150878,17,9,10.8641611506496,0.398283630109822,0.970776392169768,26070.1985930736
"69","1995-1999","Bulgaria",0.744320970263196,1.62566515370558,0.255679029736804,11,5,51.2332775919732,48.3904682274247,2.8428093645485,52.5714285714286
"70","2000-2004","Bulgaria",0.763782035216163,1.73094430256682,0.236217964783837,12,5,45.7228374738102,42.7297216402275,2.99311583358276,201.928571428571
"71","2005-2009","Bulgaria",0.717416367756359,1.62862846219229,0.282583632243641,12,5,37.7773947900908,35.090097853354,2.68729693673682,286.928571428571
"72","2010-2014","Bulgaria",0.692608138586477,1.53785344627484,0.307391861413523,11,5,40.1150932400932,37.3798076923077,2.73528554778555,100.571428571429
"73","2000-2004","Burkina Faso",0.576195599917584,1.07180507133723,0.423804400082416,8,4,94.8473282442748,91.3645038167939,3.48282442748092,698.666666666667
"74","2005-2009","Burkina Faso",0.583738772816224,1.10148712223064,0.416261227183776,12,4,94.2043222003929,91.0117878192534,2.01375245579568,678.666666666667
"75","2010-2014","Burkina Faso",0.555269015831176,1.0191167753896,0.444730984168824,8,5,76.6917293233083,76.6917293233083,0,354.666666666667
"76","2015-2019","Burkina Faso",0.567901234567901,0.936888307539016,0.432098765432099,3,2,88.8888888888889,88.8888888888889,0,9
"77","2000-2004","Burundi",0.469882070475249,0.868650895949406,0.530117929524751,5,1,23.5294117647059,0.840336134453782,22.6890756302521,119
"78","2005-2009","Burundi",0.288644921512054,0.583178866843116,0.711355078487946,8,2,0.689655172413793,0.689655172413793,0,290
"79","2010-2014","Burundi",0.132078359351087,0.2736583385377,0.867921640648913,3,0,0,0,0,204
"80","2005-2009","Cabo Verde",0.663923182441701,1.29069771549328,0.336076817558299,5,1,37.037037037037,7.40740740740741,29.6296296296296,27
"81","2010-2014","Cabo Verde",0.755479750326608,1.73698599846574,0.244520249673392,11,5,41.4565826330532,33.6134453781513,7.84313725490196,178.5
"82","2015-2019","Cabo Verde",1,0,0,0,0,0,0,0,11.5
"83","1995-1999","Cambodia",0,0,1,1,1,100,100,0,182
"84","2000-2004","Cambodia",0.0853111839934794,0.222479218997315,0.914688816006521,4,2,97.3568281938326,96.4757709251101,0.881057268722467,227
"85","2005-2009","Cambodia",0.0894116074710147,0.236943659493349,0.910588392528985,5,4,97.1098265895954,97.1098265895954,0,173
"86","2010-2014","Cambodia",0,0,1,1,1,98.9795918367347,98.9795918367347,0,49
"87","2015-2019","Cambodia",0,0,1,1,1,98.9795918367347,98.9795918367347,0,49
"88","1990-1994","Cameroon",0.734557879794983,1.68447605264823,0.265442120205017,14,7,57.9411764705882,45.5882352941176,12.3529411764706,56.6666666666667
"89","1995-1999","Cameroon",0.649293032268047,1.4946164072449,0.350706967731953,21,10,31.6679446627688,27.1566184223138,4.51132624045497,1738.83333333333
"90","2000-2004","Cameroon",0.653706486285411,1.67534574857953,0.346293513714589,23,12,73.7246868115341,64.3635831524523,9.36110365908186,1708.45833333333
"91","2005-2009","Cameroon",0.574859706621555,1.53092191836173,0.425140293378445,23,14,76.5365631435682,74.7305249445614,1.7427873302486,1581.00595238095
"92","2010-2014","Cameroon",0.578701507845349,1.60579219930634,0.421298492154651,28,16,78.0210707133485,75.6102824390581,1.86697223948622,2758.28571428571
"93","2015-2019","Cameroon",0.614527384194167,1.6091062254942,0.385472615805833,28,16,70.938631106273,67.4581575724588,0.149408082732345,3062.08333333333
"94","2020-2022","Cameroon",0.686430096517624,1.7751101639704,0.313569903482376,16,10,71.9081272084806,70.3180212014134,1.59010600706714,188.666666666667
"95","1990-1994","Canada",0,0,1,1,0,0,0,0,32
"96","1995-1999","Canada",0.154173258262955,0.402307178413612,0.845826741737045,11,2,1.7797403987689,1.41843971631206,0.361300682456845,1494.6
"97","2000-2004","Canada",0.256327943451796,0.617944432067722,0.743672056548204,13,3,3.34522353079905,2.53526524475628,0.809958286042775,3392.15
"98","2005-2009","Canada",0.299787141985025,0.676890083500279,0.700212858014975,13,4,2.31524508249598,2.06649974305426,0.248745339441717,3266.39285714286
"99","2010-2014","Canada",0.351061115164933,0.796477387265002,0.648938884835067,17,9,3.74085771276596,3.39178856382979,0.34906914893617,1718.85714285714
"100","2015-2019","Canada",0.429452486412827,1.02223645476556,0.570547513587173,10,4,5.80357142857143,5.80357142857143,0,224
"101","1990-1994","Central African Republic (the)",0.291147926673856,0.586217080099099,0.708852073326144,5,1,12.8712871287129,12.8712871287129,0,57.7142857142857
"102","1995-1999","Central African Republic (the)",0.26302876141644,0.594249594856726,0.73697123858356,7,1,9.49367088607595,9.49367088607595,0,90.2857142857143
"103","2005-2009","Central African Republic (the)",0.810038478949751,2.17367021085831,0.189961521050249,20,10,67.5531914893617,56.9148936170213,6.91489361702128,188
"104","2010-2014","Central African Republic (the)",0.807894118568408,2.006498056581,0.192105881431592,12,5,67.2413793103448,67.2413793103448,0,116
"105","1995-1999","Chad",0.812822080531051,1.79148511432843,0.187177919468949,8,3,56.0747663551402,28.9719626168224,27.1028037383178,53.5
"106","2000-2004","Chad",0.812822080531051,1.79148511432843,0.187177919468949,8,3,56.0747663551402,28.9719626168224,27.1028037383178,53.5
"107","2005-2009","Chad",0.860162459603459,2.21189854124271,0.139837540396541,12,8,65.1376146788991,59.6330275229358,5.5045871559633,109
"108","2010-2014","Chad",0.885319584903166,2.32597067607564,0.114680415096834,14,8,51.7985611510791,51.7985611510791,0,139
"109","1990-1994","Chile",0.15716303924981,0.293120097539446,0.84283696075019,2,0,0,0,0,80.3636363636364
"110","1995-1999","Chile",0.265423928836551,0.584331339376424,0.734576071163449,5,1,9.42065491183879,2.21662468513854,7.20403022670025,180.454545454545
"111","2000-2004","Chile",0.195655979317261,0.438082876060645,0.804344020682739,4,1,9.11165581945736,2.9752345532922,6.13642126616516,358.515151515152
"112","2005-2009","Chile",0.283842948944284,0.547736581640057,0.716157051055716,4,1,15.9663865546218,3.36134453781513,12.6050420168067,39.6666666666667
"113","1990-1994","China",0.649723128873735,1.2861858922694,0.350276871126265,11,6,48.968380224367,48.968380224367,0,350.002820777434
"114","1995-1999","China",0.685739608200006,1.41039125637013,0.314260391799994,11,6,51.0270995454354,50.8368303755631,0.19026916987227,648.204506363949
"115","2000-2004","China",0.761104031391222,1.65198550128113,0.238895968608778,23,15,64.1641087669628,58.5446428533635,5.56726341001792,4214.35726079906
"116","2005-2009","China",0.741131435342029,1.58534109949224,0.258868564657971,37,27,69.0782808322152,65.6836522215546,2.79230995362719,19085.5046931053
"117","2010-2014","China",0.718697595502577,1.5671025465495,0.281302404497423,46,35,81.589025488493,77.4888563970688,3.60643466321361,43277.876844071
"118","2015-2019","China",0.687010859289651,1.501184612053,0.312989140710349,61,50,92.8230566214782,88.7099632255672,3.48909881529516,61138.3514939309
"119","2020-2022","China",0.711372162399943,1.56140599567153,0.288627837600057,28,22,88.5709459070333,87.3803554494181,0.653077835667034,3100.70238095238
"120","1995-1999","Colombia",0,0,1,1,0,0,0,0,148.125
"121","2000-2004","Colombia",0.0112395426274752,0.0348878297000107,0.988760457372525,2,0,0,0,0,353.875
"122","2010-2014","Colombia",0.327899250560148,0.764630207257145,0.672100749439852,8,6,18.6046511627907,17.9401993355482,0.664451827242525,301
"123","2015-2019","Colombia",0.0255473482835582,0.0824744386479456,0.974452651716442,4,1,0.77319587628866,0.515463917525773,0,388
"124","1980-1989","Congo (the Democratic Republic of the)",0.680142687277051,1.44020531738125,0.319857312722949,7,0,0,0,0,19.3333333333333
"125","1990-1994","Congo (the Democratic Republic of the)",0.680142687277051,1.44020531738125,0.319857312722949,7,0,0,0,0,38.6666666666667
"126","1995-1999","Congo (the Democratic Republic of the)",0.732617582608744,1.76643391906808,0.267382417391256,13,4,4.69011725293132,4.69011725293132,0,597
"127","2000-2004","Congo (the Democratic Republic of the)",0.805932020258304,2.11787766522533,0.194067979741696,20,8,16.8912848158131,9.88319856244385,4.5822102425876,1113
"128","2005-2009","Congo (the Democratic Republic of the)",0.854855841624175,2.32191646229103,0.145144158375825,23,14,19.7215777262181,12.5290023201856,7.19257540603248,862
"129","2010-2014","Congo (the Democratic Republic of the)",0.80602624,2.1123141680392,0.19397376,19,8,13.3235724743777,9.22401171303075,2.92825768667643,683
"130","2015-2019","Congo (the Democratic Republic of the)",0.812845775749961,2.1175036538877,0.187154224250039,20,11,38.6363636363636,10.9090909090909,27.7272727272727,220
"131","1995-1999","Congo (the)",0.763739785290819,1.59765347123819,0.236260214709181,9,0,30.5194805194805,0,30.5194805194805,77
"132","2000-2004","Congo (the)",0.798644470868014,1.95448866522432,0.201355529131986,15,6,14.6103896103896,7.14285714285714,7.46753246753247,154
"133","2005-2009","Congo (the)",0.88267429760666,2.38635537998221,0.11732570239334,15,6,42.4,23.2,19.2,125
"134","2010-2014","Congo (the)",0.707036011080332,2.04938840886266,0.292963988919668,25,16,79.4736842105263,26.8421052631579,52.6315789473684,190
"135","2015-2019","Congo (the)",0.85757785467128,2.29178058321179,0.14242214532872,17,11,54.1176470588235,54.1176470588235,0,42.5
"136","2020-2022","Congo (the)",0.85757785467128,2.29178058321179,0.14242214532872,17,11,54.1176470588235,54.1176470588235,0,42.5
"137","2000-2004","Croatia",0.44090368608799,1.0524373480439,0.55909631391201,10,5,16.551724137931,15.1724137931034,1.37931034482759,145
"138","2005-2009","Croatia",0.208234244946492,0.502300778143125,0.791765755053508,5,1,4.31034482758621,1.72413793103448,2.58620689655172,116
"139","2010-2014","Croatia",0.180172046799078,0.47764046213924,0.819827953200922,9,3,3.44168260038241,1.33843212237094,0.573613766730402,130.75
"140","2015-2019","Croatia",0.159686641419767,0.406144761338712,0.840313358580233,7,3,2.48138957816377,1.73697270471464,0.744416873449132,302.25
"141","1995-1999","Cuba",0.678820861678004,1.38951380653545,0.321179138321996,8,0,13.3333333333333,0,13.3333333333333,105
"142","2000-2004","Cuba",0.774361980683846,1.89847188956618,0.225638019316154,13,6,45.7198443579767,37.5486381322957,8.17120622568093,428.333333333333
"143","2005-2009","Cuba",0.796430783016373,2.06448148242042,0.203569216983627,20,10,42.3988729662005,29.8658183119897,11.8055635746371,824.752380952381
"144","2010-2014","Cuba",0.808367964945463,2.02421403642391,0.191632035054537,19,10,50.8702105055229,38.1659379321022,12.7042725734207,1783.91428571429
"145","2015-2019","Cuba",0.811349288935137,1.91829961267639,0.188650711064863,11,4,52.4625267665953,31.9057815845824,2.78372591006424,467
"146","1990-1994","Cyprus",0.552083333333333,1.0346983594753,0.447916666666667,4,0,0,0,0,25
"147","1995-1999","Cyprus",0.496527777777778,0.792375274099119,0.503472222222222,3,0,33.3333333333333,0,33.3333333333333,24
"148","2000-2004","Cyprus",0.621332908163265,1.2375846806116,0.378667091836735,7,3,8.03571428571429,8.03571428571429,0,56
"149","2005-2009","Cyprus",0.672337278106509,1.46991874845792,0.327662721893491,11,5,15,10.3846153846154,4.61538461538462,130
"150","2010-2014","Cyprus",0.775926457914392,1.75052775236898,0.224073542085608,9,4,22.8813559322034,11.864406779661,11.0169491525424,118
"151","2015-2019","Cyprus",0.815771886834484,1.94272662394928,0.184228113165516,13,6,34.3283582089552,23.134328358209,11.1940298507463,134
"152","1980-1989","Czechia",0.400173939878523,0.928829250303463,0.599826060121477,9,3,8.42696629213483,8.42696629213483,0,97.0909090909091
"153","1990-1994","Czechia",0.400173939878523,0.928829250303463,0.599826060121477,9,3,8.42696629213483,8.42696629213483,0,121.363636363636
"154","1995-1999","Czechia",0.382186113296415,0.902289257176234,0.617813886703585,9,3,7.00113378684807,7.00113378684807,0,160.363636363636
"155","2000-2004","Czechia",0.433908645133594,1.01242188188221,0.566091354866406,11,4,7.58214725004393,7.19557195571956,0.386575294324372,517.363636363636
"156","2005-2009","Czechia",0.41045376139325,0.971786408316372,0.58954623860675,11,4,9.40697233800682,7.53126184160667,1.87571049640015,479.818181818182
"157","2010-2014","Czechia",0.386922836018028,0.897646687924254,0.613077163981972,12,5,8.30258302583026,4.4280442804428,3.87453874538745,542
"158","2015-2019","Czechia",0.464081373172282,1.00718331752629,0.535918626827718,10,4,14.6853146853147,3.4965034965035,11.1888111888112,143
"159","1995-1999","Côte d'Ivoire",0.560597796573592,1.01762382329512,0.439402203426408,10,3,42.9166047272187,42.2476586888658,0.668946038352906,560.583333333333
"160","2000-2004","Côte d'Ivoire",0.268446008962123,0.590285609383015,0.731553991037877,5,3,91.9039691579777,87.8822395513888,4.02172960658898,190.216666666667
"161","2005-2009","Côte d'Ivoire",0.275384105208807,0.612643044747269,0.724615894791193,7,3,85.9353507565337,85.1100412654745,0.825309491059147,193.866666666667
"162","2010-2014","Côte d'Ivoire",0.2184,0.471032578690485,0.7816,4,2,90,90,0,33.3333333333333
"163","1990-1994","Denmark",0.732167538008533,1.49034463557909,0.267832461991467,7,1,10.8527131782946,10.8527131782946,0,25.8
"164","1995-1999","Denmark",0.751472599890391,1.52876005234298,0.248527400109609,8,2,9.89553105049332,9.89553105049332,0,114.866666666667
"165","2000-2004","Denmark",0.540221813371548,1.27532807685771,0.459778186628452,11,4,15.5576662850005,11.6776829395233,0,985.333333333333
"166","2005-2009","Denmark",0.573551738665018,1.34955171316236,0.426448261334982,10,3,18.3102493074792,13.2963988919668,0,1388.46153846154
"167","2010-2014","Denmark",0.579534484108289,1.36223306908397,0.420465515891711,10,3,18.6929460580913,13.5269709543568,0,1112.30769230769
"168","2015-2019","Denmark",0.596926307593535,1.39437753661689,0.403073692406465,9,2,19.8347107438017,14.2148760330579,0,279.230769230769
"169","2000-2004","Djibouti",0.483024691358025,0.972545572919634,0.516975308641975,5,2,23.5294117647059,23.5294117647059,0,34
"170","2005-2009","Djibouti",0.517551020408163,0.971923226149932,0.482448979591837,4,1,25.7142857142857,20,5.71428571428571,35
"171","2005-2009","Dominican Republic (the)",0,0,1,1,0,0,0,0,77.25
"172","2010-2014","Dominican Republic (the)",0,0,1,1,0,0,0,0,25.75
"173","2015-2019","Dominican Republic (the)",0.0392000000000001,0.098039113279732,0.9608,2,0,2.04081632653061,0,0,49
"174","1995-1999","Ecuador",0.0425453181465222,0.127541809552196,0.957454681853478,4,0,0.65164268259571,0,0.65164268259571,306.916666666667
"175","2000-2004","Ecuador",0.0440760342811696,0.12935550506522,0.95592396571883,4,0,1.06928046335487,0,1.06928046335487,374.083333333333
"176","2005-2009","El Salvador",0,0,1,1,0,0,0,0,183
"177","2010-2014","El Salvador",0.0224690082644627,0.0621776517174248,0.977530991735537,2,0,1.13636363636364,0,1.13636363636364,88
"178","2015-2019","El Salvador",0.00925905895078416,0.0296200410826571,0.990740941049216,2,0,0.465116279069767,0,0,215
"179","1995-1999","Equatorial Guinea",0.728462412579337,1.7544948142802,0.271537587420663,15,7,52.5835866261398,50.4559270516717,2.12765957446809,131.6
"180","2000-2004","Equatorial Guinea",0.734796335593396,1.86933295261245,0.265203664406604,15,7,56.1151079136691,54.6762589928057,1.43884892086331,92.6666666666667
"181","2005-2009","Equatorial Guinea",0.724908427186398,1.90269927735042,0.275091572813602,16,8,62.0947630922693,58.8528678304239,3.24189526184539,133.666666666667
"182","2010-2014","Equatorial Guinea",0.694239836965209,1.8194892304283,0.305760163034791,18,10,63.6767317939609,62.9662522202487,0.710479573712256,75.0666666666667
"183","2015-2019","Eritrea",0.0784339229968781,0.211505078488006,0.921566077003122,4,0,0,0,0,124
"184","2000-2004","Estonia",0.398823529411765,0.838498825293679,0.601176470588235,6,2,89.7058823529412,77.0588235294118,12.6470588235294,340
"185","2005-2009","Estonia",0.093340639571551,0.245615026963992,0.906659360428449,4,1,97.1061093247588,95.1768488745981,1.92926045016077,311
"186","2010-2014","Estonia",0.225443429185703,0.529912166714351,0.774556570814297,7,3,94.672131147541,88.5245901639344,0,244
"187","2000-2004","Eswatini",0,0,1,1,0,0,0,0,47
"188","2005-2009","Eswatini",0.00980378807478122,0.0344655343663106,0.990196211925219,3,1,0.245098039215686,0.245098039215686,0,816
"189","2010-2014","Eswatini",0.0206005406243004,0.0686537512373668,0.9793994593757,4,1,0.4149377593361,0.4149377593361,0,482
"190","2015-2019","Eswatini",0.0171753211767101,0.05403287711178,0.98282467882329,3,0,0.173010380622837,0,0,578
"191","1980-1989","Ethiopia",0.0210502489814395,0.0589144326609315,0.978949751018561,2,0,0,0,0,13.4285714285714
"192","1990-1994","Ethiopia",0.0210502489814395,0.0589144326609315,0.978949751018561,2,0,0,0,0,67.1428571428571
"193","1995-1999","Ethiopia",0.269758112649091,0.496727372642137,0.730241887350909,5,0,16.6270783847981,0,16.6270783847981,180.428571428571
"194","2000-2004","Ethiopia",0.0738841709839947,0.197031323287927,0.926115829016005,4,0,2.10970464135021,0,2.10970464135021,237
"195","2005-2009","Ethiopia",0.0262466110956466,0.0837314328355525,0.973753388904353,4,1,1.1352885525071,0.567644276253548,0,352.333333333333
"196","2010-2014","Ethiopia",0.0269532660765673,0.0861618945080487,0.973046733923433,4,0,0.510117326985207,0,0.510117326985207,392.066666666667
"197","2015-2019","Ethiopia",0.017532195969935,0.0622079555331807,0.982467804030065,5,1,0.146929180135175,0.146929180135175,0,680.6
"198","2005-2009","Fiji",0.485136741973841,0.792368814477477,0.514863258026159,4,0,0,0,0,58
"199","1980-1989","Finland",0.438559556786704,0.979729512018219,0.561440443213296,7,0,4.21052631578947,0,4.21052631578947,27.1428571428571
"200","1990-1994","Finland",0.438559556786704,0.979729512018219,0.561440443213296,7,0,4.21052631578947,0,4.21052631578947,67.8571428571429
"201","1995-1999","Finland",0.737240075614367,1.54640741299226,0.262759924385633,6,1,13.0434782608696,13.0434782608696,0,23
"202","2000-2004","Finland",0.655716240606289,1.45227782946712,0.344283759393711,9,3,34.3283582089552,32.409381663113,0,134
"203","2005-2009","Finland",0.70328181946109,1.60599599620653,0.29671818053891,11,4,36.0544217687075,33.4305150631681,1.53061224489796,588
"204","2010-2014","Finland",0.808136224833083,1.88007638080265,0.191863775166917,10,4,38.1294964028777,32.3741007194245,5.75539568345324,278
"205","1980-1989","France",0.403111238648777,0.912070801164073,0.596888761351223,11,3,1.91728612367805,1.48087805303813,0.43640807063992,312.468181818182
"206","1990-1994","France",0.370747836373661,0.877293239447439,0.629252163626339,11,3,2.52731933264379,2.25749876332239,0.269820569321401,505.386363636364
"207","1995-1999","France",0.310294267998143,0.804423619216425,0.689705732001857,25,14,5.23015538438161,3.59847963654379,1.35910612182812,5203.00753588517
"208","2000-2004","France",0.325808357206853,0.842910630775093,0.674191642793147,27,16,10.7696767474823,9.64812480322304,0.675386709650771,5297.6704151112
"209","2005-2009","France",0.575100139141622,1.36313267648415,0.424899860858378,35,22,22.3834743938583,17.8893809020643,4.2270801157961,5311.2763092171
"210","2010-2014","France",0.582177927230981,1.38601471805728,0.417822072769019,41,30,28.9645841757029,23.1818515789144,2.58723415066424,10207.8120734529
"211","2015-2019","France",0.614650377437488,1.5039751556918,0.385349622562512,33,23,29.7552068058825,24.3909622533206,1.78373676835886,3653.37912087912
"212","2005-2009","French Guiana",0.0954152109647946,0.280167091256196,0.904584789035205,8,2,2.62295081967213,2.29508196721312,0,174.285714285714
"213","2010-2014","French Guiana",0.0954152109647946,0.280167091256196,0.904584789035205,8,2,2.62295081967213,2.29508196721311,0,130.714285714286
"214","1995-1999","Gabon",0.54308801470944,1.2959621795518,0.45691198529056,9,1,11.3725490196078,3.13725490196078,8.23529411764706,255
"215","2000-2004","Gabon",0.775623268698061,1.84835425327148,0.224376731301939,11,2,48.2142857142857,44.6428571428571,3.57142857142857,56
"216","2005-2009","Gabon",0.657023887793119,1.49322237761214,0.342976112206881,11,4,63.2478632478632,58.1196581196581,5.12820512820513,117
"217","2015-2019","Gabon",0.842615933412604,2.03396907495123,0.157384066587396,11,5,35.1351351351351,19.5945945945946,15.5405405405405,148
"218","1990-1994","Gambia (the)",0.709141274238227,1.53400645091842,0.290858725761773,7,2,55.2631578947368,55.2631578947368,0,8
"219","1995-1999","Gambia (the)",0.709141274238227,1.53400645091842,0.290858725761773,7,2,55.2631578947368,55.2631578947368,0,10
"220","2000-2004","Gambia (the)",0.709141274238227,1.53400645091842,0.290858725761773,7,2,55.2631578947368,55.2631578947368,0,10
"221","2005-2009","Gambia (the)",0.709141274238227,1.53400645091842,0.290858725761773,7,2,55.2631578947368,55.2631578947368,0,10
"222","1995-1999","Georgia",0.453125,0.772678278087186,0.546875,4,1,2.08333333333333,2.08333333333333,0,16
"223","2000-2004","Georgia",0.453125,0.772678278087186,0.546875,4,1,2.08333333333333,2.08333333333333,0,32
"224","2005-2009","Georgia",0.196173918883411,0.438797940056061,0.803826081116589,7,2,0.581494783649735,0.581494783649735,0,487.25
"225","2010-2014","Georgia",0.221059585149954,0.477902375272014,0.778940414850046,6,2,0.459770114942529,0.459770114942529,0,181.25
"226","2015-2019","Georgia",0.221059585149954,0.477902375272014,0.778940414850046,6,2,0.459770114942529,0.459770114942529,0,72.5
"227","1995-1999","Germany",0.337984129014302,0.830114257561602,0.662015870985698,11,4,5.07716352678028,4.30880384834957,0.768359678430712,954.026785714286
"228","2000-2004","Germany",0.358021788405672,0.883536909620607,0.641978211594328,11,4,6.69327942543736,6.11752262510982,0.575756800327542,2721.57321428571
"229","2005-2009","Germany",0.297057287490937,0.747058397879325,0.702942712509063,11,4,4.74731713492523,3.98922972467006,0.75808741025517,2990.37321428571
"230","2010-2014","Germany",0.332459297659397,0.857655394558237,0.667540702340603,13,6,7.34365649924995,5.85944864785107,1.48420785139887,5446.02678571429
"231","2015-2019","Germany",0.494320525931337,1.17957508045568,0.505679474068663,10,3,10.5125523012552,9.41422594142259,1.09832635983264,956
"232","1995-1999","Ghana",0.6098968178954,1.0828207750445,0.3901031821046,5,1,81.1594202898551,53.2608695652174,27.8985507246377,157.714285714286
"233","2000-2004","Ghana",0.533695348543829,1.12830649668612,0.466304651456171,10,4,93.9597315436242,68.1208053691275,20.2867602196461,468.285714285714
"234","2005-2009","Ghana",0.421819262782402,0.964937910180577,0.578180737217598,9,4,91.0919540229885,81.0344827586207,10.0574712643678,174
"235","2010-2014","Ghana",0.457360827128583,1.02339544370958,0.542639172871417,9,4,91.4596273291926,76.3975155279503,15.0621118012422,107.333333333333
"236","2015-2019","Ghana",0.525696,1.22581806855347,0.474304,9,4,80,76.8,3.2,166.666666666667
"237","1990-1994","Greece",0.0338882282996431,0.0870995231917751,0.966111771700357,2,0,0,0,0,33.1428571428571
"238","1995-1999","Greece",0.426843752511656,0.947621259846164,0.573156247488344,17,9,5.1828724353256,2.49776984834969,2.68510258697591,400.357142857143
"239","2000-2004","Greece",0.624384037213742,1.45172082988249,0.375615962786258,19,11,16.2223750967409,12.7562866233431,3.46608847339779,1565.44230769231
"240","2005-2009","Greece",0.730026623853592,1.66648349920163,0.269973376146408,19,11,25.5523702413243,21.2647657691431,4.28760447218118,1868.69505494506
"241","2010-2014","Greece",0.777968204443838,1.73710806416734,0.222031795556162,15,8,44.5159666283084,40.1623682082543,4.1767097937984,3768.84981684982
"242","2015-2019","Greece",0.754019257632975,1.72083546971956,0.245980742367025,13,6,29.5760917800944,24.3694483445973,5.1404418772143,503.512820512821
"243","2020-2022","Greece",0.597551020408163,1.21372526472511,0.402448979591837,5,2,82.8571428571429,71.4285714285714,11.4285714285714,5
"244","1980-1989","Greenland",0.0791336942940442,0.198821578103019,0.920866305705956,3,1,2.04081632653061,2.04081632653061,0,30.625
"245","1990-1994","Greenland",0.0791336942940442,0.198821578103019,0.920866305705956,3,1,2.04081632653061,2.04081632653061,0,15.3125
"246","1995-1999","Greenland",0.0791336942940442,0.198821578103019,0.920866305705956,3,1,2.04081632653061,2.04081632653061,0,15.3125
"247","2000-2004","Greenland",0.0791336942940442,0.198821578103019,0.920866305705956,3,1,2.04081632653061,2.04081632653061,0,15.3125
"248","2005-2009","Greenland",0.0791336942940442,0.198821578103019,0.920866305705956,3,1,2.04081632653061,2.04081632653061,0,15.3125
"249","2010-2014","Greenland",0.0791336942940442,0.198821578103019,0.920866305705956,3,1,2.04081632653061,2.04081632653061,0,6.125
"250","1995-1999","Guadeloupe",0.233782748364069,0.608116682842773,0.766217251635931,14,7,9.46341463414634,5.5609756097561,3.90243902439024,64.0625
"251","2000-2004","Guadeloupe",0.233782748364069,0.608116682842773,0.766217251635931,14,7,9.46341463414634,5.5609756097561,3.90243902439024,320.3125
"252","2005-2009","Guadeloupe",0.233782748364069,0.608116682842773,0.766217251635931,14,7,9.46341463414634,5.5609756097561,3.90243902439024,320.3125
"253","2010-2014","Guadeloupe",0.233782748364069,0.608116682842773,0.766217251635931,14,7,9.46341463414634,5.5609756097561,3.90243902439024,320.3125
"254","2010-2014","Guatemala",0.0432377034256883,0.125097752648242,0.956762296574312,4,1,1.38323840520749,0.16273393002441,1.22050447518308,1229
"255","2015-2019","Guatemala",0.0216204821459745,0.0735785569614946,0.978379517854026,5,2,0.907441016333938,0.362976406533575,0,551
"256","1995-1999","Guinea",0.218917311124331,0.431819402584807,0.781082688875669,3,1,9.75609756097561,9.75609756097561,0,29.2857142857143
"257","2000-2004","Guinea",0.218917311124331,0.431819402584807,0.781082688875669,3,1,9.75609756097561,9.75609756097561,0,11.7142857142857
"258","2005-2009","Guinea",0.349315068493151,0.834827477343334,0.650684931506849,8,2,84.9315068493151,82.8767123287671,2.05479452054794,146
"259","2015-2019","Guinea",0.348888888888889,0.76633469330914,0.651111111111111,5,2,56,52,4,50
"260","2010-2014","Guinea-Bissau",0.13265306122449,0.257318640543832,0.86734693877551,2,1,100,92.8571428571429,7.14285714285714,56
"261","2015-2019","Guinea-Bissau",0.230902777777778,0.571858962386613,0.769097222222222,6,2,91.6666666666667,89.5833333333333,2.08333333333333,48
"262","2000-2004","Haiti",0,0,1,1,0,0,0,0,103
"263","2005-2009","Haiti",0,0,1,1,0,0,0,0,307
"264","2015-2019","Haiti",0,0,1,1,0,0,0,0,246
"265","1990-1994","Honduras",0.0206163194444444,0.0579075174881343,0.979383680555556,2,0,0,0,0,96
"266","1995-1999","Honduras",0,0,1,1,0,0,0,0,98
"267","2000-2004","Honduras",0.0113057451576641,0.0388966068668812,0.988694254842336,3,0,0.24330900243309,0,0.24330900243309,616.5
"268","2005-2009","Honduras",0.00748119128886082,0.0247166544044059,0.992518808711139,2,0,0.375469336670839,0,0.375469336670839,399.5
"269","2010-2014","Honduras",0.021339172158631,0.0709757701198883,0.978660827841369,5,1,0.806451612903226,0.134408602150538,0.672043010752688,496
"270","2015-2019","Honduras",0.0261004569374219,0.0857700025548337,0.973899543062578,6,2,0.544959128065395,0.317892824704814,0.227066303360581,734
"271","1990-1994","Hong Kong",0.655623527655585,1.354615743924,0.344376472344415,13,6,52.3110151187905,47.8617710583153,0,115.75
"272","1995-1999","Hong Kong",0.655623527655585,1.354615743924,0.344376472344415,13,6,52.3110151187905,47.8617710583153,0,578.75
"273","2000-2004","Hong Kong",0.655623527655585,1.354615743924,0.344376472344415,13,6,52.3110151187905,47.8617710583153,0,578.75
"274","2005-2009","Hong Kong",0.655623527655585,1.354615743924,0.344376472344415,13,6,52.3110151187905,47.8617710583153,0,578.75
"275","2010-2014","Hong Kong",0.655623527655585,1.354615743924,0.344376472344415,13,6,52.3110151187905,47.8617710583153,0,463
"276","1995-1999","Hungary",0.232988165680473,0.395067120830435,0.767011834319527,2,0,13.4615384615385,0,13.4615384615385,52
"277","2005-2009","Hungary",0.0644444444444447,0.146144746008564,0.935555555555555,2,0,0,0,0,20
"278","2010-2014","Hungary",0.21984390679766,0.549733489314502,0.78015609320234,7,2,3.32409972299169,3.32409972299169,0,144.4
"279","2015-2019","Hungary",0.309994301805891,0.744535060305008,0.690005698194109,10,3,5.16684607104413,4.35952637244349,0,371.6
"280","1990-1994","Iceland",0.574517958412098,1.31175050365125,0.425482041587902,11,7,19.1304347826087,19.1304347826087,0,21.9047619047619
"281","1995-1999","Iceland",0.574517958412098,1.31175050365125,0.425482041587902,11,7,19.1304347826087,19.1304347826087,0,54.7619047619048
"282","2000-2004","Iceland",0.574517958412098,1.31175050365125,0.425482041587902,11,7,19.1304347826087,19.1304347826087,0,54.7619047619048
"283","2005-2009","Iceland",0.574517958412098,1.31175050365125,0.425482041587902,11,7,19.1304347826087,19.1304347826087,0,54.7619047619048
"284","2010-2014","Iceland",0.574517958412098,1.31175050365125,0.425482041587902,11,7,19.1304347826087,19.1304347826087,0,43.8095238095238
"285","1990-1994","India",0.0841209829867674,0.208981746654236,0.915879017013233,3,0,0,0,0,23
"286","1995-1999","India",0.208505777340298,0.418760858356817,0.791494222659702,4,0,0.947603121516165,0,0.947603121516165,358.8
"287","2000-2004","India",0.0451371137769054,0.136851894394867,0.954862886223095,6,2,0.55903368948829,0.221200380732777,0.337833308755513,1065.61428571429
"288","2005-2009","India",0.0570289228003082,0.168016043372845,0.942971077199692,6,2,0.883002952340784,0.136651202024462,0.746351750316322,1411.30952380952
"289","2010-2014","India",0.16207027698459,0.398509840696608,0.83792972301541,6,1,4.54021788195029,0.0505292092515614,3.85302063612906,1413.60952380952
"290","2015-2019","India",0.0554331945481301,0.16663101620425,0.94456680545187,6,1,1.93965517241379,0.323275862068966,1.35775862068966,1546.66666666667
"291","2005-2009","Indonesia",0.0282472412072914,0.0902005081341406,0.971752758792709,4,2,99.1087344028521,99.1087344028521,0,187
"292","2010-2014","Indonesia",0.500269343790256,0.9210409572379,0.499730656209744,7,3,70.316301703163,65.9367396593674,4.01459854014599,274
"293","2015-2019","Indonesia",0.233985655140634,0.558453465853148,0.766014344859366,8,3,90.9090909090909,87.9171461449942,1.38089758342923,869
"294","2000-2004","Iran (Islamic Republic of)",0.370868046224133,0.557787679664598,0.629131953775867,2,0,0,0,0,61
"295","2005-2009","Iran (Islamic Republic of)",0.63737838190428,1.2647557102477,0.36262161809572,8,3,61.1195158850227,55.0680786686838,0,330.5
"296","2010-2014","Iran (Islamic Republic of)",0.198852566044962,0.429933766278611,0.801147433955038,7,4,89.9876858956143,89.9876858956143,0,754.071428571429
"297","2015-2019","Iran (Islamic Republic of)",0.103319757942427,0.27449510023137,0.896680242057573,5,2,95.5347650435892,95.5347650435892,0,335.928571428571
"298","2020-2022","Iran (Islamic Republic of)",0.0973044049967127,0.202273001797436,0.902695595003287,2,1,94.8717948717949,94.8717948717949,0,19.5
"299","2000-2004","Ireland",0.658503025987896,1.4788580623312,0.341496974012104,13,5,14.2452830188679,10.7547169811321,0,212
"300","2005-2009","Ireland",0.658503025987896,1.4788580623312,0.341496974012104,13,5,14.2452830188679,10.7547169811321,0,848
"301","2010-2014","Ireland",0.677760204081633,1.46446176007652,0.322239795918367,11,2,16.2142857142857,16.2142857142857,0,1400
"302","2015-2019","Ireland",0.63386705780079,1.38125198634873,0.36613294219921,11,2,15.2641878669276,15.2641878669276,0,511
"303","1980-1989","Israel",0.54923508755354,1.11516222676819,0.45076491244646,9,2,9.02777777777778,3.86904761904762,5.15873015873016,183.272727272727
"304","1990-1994","Israel",0.54923508755354,1.11516222676819,0.45076491244646,9,2,9.02777777777778,3.86904761904762,5.15873015873016,229.090909090909
"305","1995-1999","Israel",0.604317703832123,1.1156251620335,0.395682296167877,9,2,3.77990081014184,1.93858631618366,1.84131449395819,663.557575757576
"306","2000-2004","Israel",0.661114546129186,1.29417226476675,0.338885453870814,9,2,10.2611180755138,8.63709102048878,1.62402705502505,1503.55757575758
"307","2005-2009","Israel",0.643331019945632,1.28521083567294,0.356668980054368,11,4,12.3839792279613,10.7004661906408,1.68351303732054,1797.28787878788
"308","2010-2014","Israel",0.680240801614984,1.38217244745778,0.319759198385016,8,3,11.4662438845918,9.1138931756031,2.35235070898865,2368.78888888889
"309","2015-2019","Israel",0.695012218031603,1.39066559461314,0.304987781968397,7,3,9.83896103896104,7.21038961038961,2.62857142857143,1069.44444444444
"310","1980-1989","Italy",0.211981973286608,0.558859280932825,0.788018026713392,8,2,5.3133514986376,3.48773841961853,1.82561307901907,1265.51724137931
"311","1990-1994","Italy",0.209850618853457,0.556543636245796,0.790149381146543,9,2,5.04400056634392,3.31093370508729,1.73306686125663,666.548094373866
"312","1995-1999","Italy",0.2753795570096,0.760100752657874,0.7246204429904,40,33,6.42731466054361,5.53001557995981,0.897299080583798,1346.38897598967
"313","2000-2004","Italy",0.32341086475596,0.826999842814153,0.67658913524404,42,34,7.77938528624122,7.20787101479788,0.571514271443342,4234.15200119975
"314","2005-2009","Italy",0.409103178873478,1.02456182784878,0.590896821126522,45,38,10.5093939194889,9.22864149193143,1.28075242755751,3806.75482251637
"315","2010-2014","Italy",0.516001750971843,1.32428471832079,0.483998249028157,50,41,15.3909578108112,13.7197543480801,1.67120346273116,4935.38901732942
"316","2015-2019","Italy",0.562914897885998,1.44868796094011,0.437085102114002,49,40,20.0507068111193,14.0608539166844,5.9898528944349,2050.62484721161
"317","2020-2022","Italy",0.568947055324212,1.23054268448688,0.431052944675788,6,2,11.7903930131004,11.7903930131004,0,28.625
"318","2005-2009","Jamaica",0,0,1,1,0,0,0,0,92
"319","2010-2014","Jamaica",0,0,1,1,0,0,0,0,65
"320","2015-2019","Jamaica",0.120707596253902,0.239217093816513,0.879292403746098,2,0,6.45161290322581,0,6.45161290322581,62
"321","1990-1994","Japan",0.137174211248285,0.264052051825629,0.862825788751715,2,1,7.40740740740741,7.40740740740741,0,12.4615384615385
"322","1995-1999","Japan",0.314770112634649,0.682441906852404,0.685229887365351,8,1,12.6386145452654,12.0613716403745,0.577242904890822,194.891958041958
"323","2000-2004","Japan",0.274299778751283,0.624758250927388,0.725700221248717,10,3,11.2129088930246,10.2659747163049,0.946934176719685,1966.87377622378
"324","2005-2009","Japan",0.208102197063694,0.49780886877784,0.791897802936306,11,3,8.65889354330474,8.3200794486384,0.227929481866446,4058.27272727273
"325","2010-2014","Japan",0.19818689233413,0.477888211365607,0.80181310766587,12,4,8.35644157985461,8.12411002023533,0.0299782657573259,2223.83333333333
"326","2015-2019","Japan",0.245423557631612,0.572687929686001,0.754576442368388,6,3,12.3595505617978,11.2359550561798,1.12359550561798,29.6666666666667
"327","1995-1999","Kazakhstan",0.415088361743436,0.685927145389744,0.584911638256564,3,2,27.6391554702495,27.6391554702495,0,22.9852941176471
"328","2000-2004","Kazakhstan",0.133037449550831,0.292473793390005,0.866962550449169,4,2,6.54152904213325,6.54152904213325,0,182.544117647059
"329","2005-2009","Kazakhstan",0.5412109406704,0.843436058734558,0.4587890593296,3,2,51.981981981982,51.981981981982,0,65.2941176470588
"330","2010-2014","Kazakhstan",0.489748681621237,0.817037945806153,0.510251318378763,6,4,35.7936223575779,35.7936223575779,0,164.176470588235
"331","1980-1989","Kenya",0.585693104916252,1.09552171270885,0.414306895083748,6,0,26.3157894736842,0,0,33.25
"332","1990-1994","Kenya",0.525506060137222,1.04626437668596,0.474493939862778,7,0,16.2400706090026,0,0.794351279788173,94.4166666666667
"333","1995-1999","Kenya",0.450367592588289,0.914975337362415,0.549632407411711,12,1,1.86279957908178,0.0709412724499568,0.757298083403289,1409.61666666667
"334","2000-2004","Kenya",0.539438026873708,1.19206783470226,0.460561973126292,14,3,8.42656768031239,0.988518619478885,3.5459722663696,1209.72261904762
"335","2005-2009","Kenya",0.546104802145214,1.2114478731604,0.453895197854786,15,7,11.8431648280451,2.31609770682818,7.20259461352032,4477.71840659341
"336","2010-2014","Kenya",0.554332985796517,1.20880935961933,0.445667014203483,15,7,11.847715259947,2.12933315477696,7.39987265771661,1894.17673992674
"337","2015-2019","Kenya",0.480928080432242,1.09931078749332,0.519071919567758,11,2,7.52097991014665,1.54276510977367,2.31414766466051,1037.0989010989
"338","1980-1989","Korea (the Republic of)",0.693028279221495,1.63150282220322,0.306971720778505,13,5,33.3333333333333,27.2300469483568,6.10328638497653,12.5294117647059
"339","1990-1994","Korea (the Republic of)",0.61435999811287,1.45121989524747,0.38564000188713,13,5,26.2592538830019,21.0480476121353,5.2112062708666,81.0470588235294
"340","1995-1999","Korea (the Republic of)",0.263543794406765,0.689079616190149,0.736456205593235,13,5,8.54857892168822,6.51962877124502,2.0289501504432,330.675630252101
"341","2000-2004","Korea (the Republic of)",0.150965830133268,0.423377875986048,0.849034169866732,13,5,6.07813562963228,4.21381001826059,1.86432561137169,938.789915966387
"342","2005-2009","Korea (the Republic of)",0.168254752480582,0.456216056704143,0.831745247519418,17,9,7.63140339642871,5.29142898394564,2.33997441248307,1047.64845938375
"343","2010-2014","Korea (the Republic of)",0.183775484463488,0.478038849911932,0.816224515536512,13,7,8.69066430009308,5.57371371674712,3.11695058334596,1099.97619047619
"344","2015-2019","Korea (the Republic of)",0.3655294456562,0.848952223944131,0.6344705543438,12,7,17.2147001934236,17.2147001934236,0,172.333333333333
"345","2010-2014","Kuwait",0.808152067411327,1.92317936238087,0.191847932588673,12,8,44.973544973545,44.973544973545,0,63
"346","2015-2019","Kuwait",0.759637188208617,1.64307026393619,0.240362811791383,8,4,47.6190476190476,47.6190476190476,0,14
"347","2005-2009","Kyrgyzstan",0.514619883040936,0.766798084704319,0.485380116959064,3,1,47.3684210526316,45.6140350877193,1.75438596491228,28.5
"348","2010-2014","Kyrgyzstan",0.495245564160376,0.77170615522522,0.504754435839624,3,1,38.6138613861386,35.6435643564356,2.97029702970297,50.5
"349","2015-2019","Kyrgyzstan",0.530586803019235,0.946143681784684,0.469413196980765,6,2,65.045045045045,61.6216216216216,3.42342342342342,555
"350","2010-2014","Lao People's Democratic Republic (the)",0.150497178177909,0.283547892971035,0.849502821822091,2,2,100,100,0,61
"351","1990-1994","Latvia",0.37750566893424,0.664532052574186,0.62249433106576,6,2,1.58730158730159,1.58730158730159,0,98.4375
"352","1995-1999","Latvia",0.37750566893424,0.664532052574186,0.62249433106576,6,2,1.58730158730159,1.58730158730159,0,98.4375
"353","2000-2004","Latvia",0.229779064070772,0.459829392450501,0.770220935929228,6,2,1.23833757421544,1.23833757421544,0,368.4375
"354","2005-2009","Latvia",0.37750566893424,0.664532052574186,0.62249433106576,6,2,1.58730158730159,1.58730158730159,0,19.6875
"355","1995-1999","Lebanon",0.611111111111111,1.11960804156784,0.388888888888889,5,0,0,0,0,24
"356","2005-2009","Lesotho",0,0,1,1,0,0,0,0,38
"357","2015-2019","Lesotho",0.0211209823449524,0.0699752919251859,0.978879017655048,4,0,0.265957446808511,0,0,376
"358","2010-2014","Liberia",0.542564022241366,1.36359556993322,0.457435977758634,13,8,84.9557522123894,77.8761061946903,0,113
"359","1995-1999","Libya",0.538223140495868,0.842212317289791,0.461776859504132,3,1,43.1818181818182,43.1818181818182,0,36.6666666666667
"360","2000-2004","Libya",0.433859904528071,0.758854288915588,0.566140095471929,3,1,19.8640483383686,19.8640483383686,0,44.1333333333333
"361","2005-2009","Libya",0.278326453454728,0.541563688550146,0.721673546545272,3,1,5.75757575757576,5.75757575757576,0,66
"362","2010-2014","Libya",0.256668767065742,0.502339590106984,0.743331232934258,3,1,4.22535211267606,4.22535211267606,0,14.2
"363","1980-1989","Luxembourg",0.352322680954352,0.832192657447629,0.647677319045648,7,0,6.68896321070234,0,6.68896321070234,116.277777777778
"364","1990-1994","Luxembourg",0.352322680954352,0.832192657447629,0.647677319045648,7,0,6.68896321070234,0,6.68896321070234,83.0555555555556
"365","1995-1999","Luxembourg",0.352322680954352,0.832192657447629,0.647677319045648,7,0,6.68896321070234,0,6.68896321070234,83.0555555555556
"366","2000-2004","Luxembourg",0.352322680954352,0.832192657447629,0.647677319045648,7,0,6.68896321070234,0,6.68896321070234,16.6111111111111
"367","2010-2014","Luxembourg",0.379464285714286,0.685140911889993,0.620535714285714,3,1,23.2142857142857,16.0714285714286,7.14285714285714,22.4
"368","2015-2019","Luxembourg",0.379464285714286,0.685140911889994,0.620535714285714,3,1,23.2142857142857,16.0714285714286,7.14285714285715,33.6
"369","2005-2009","Madagascar",0.813775510204082,1.83131335149713,0.186224489795918,8,4,42.8571428571429,39.2857142857143,3.57142857142857,28
"370","1995-1999","Malawi",0.0386389850057671,0.110100081923397,0.961361014994233,3,0,0,0,0,102
"371","2000-2004","Malawi",0,0,1,1,0,0,0,0,100.6
"372","2005-2009","Malawi",0.0120869116267528,0.0431249586326606,0.987913088373247,4,0,0,0,0,1131.4
"373","2010-2014","Malawi",0,0,1,1,0,0,0,0,817
"374","2015-2019","Malawi",0.00597681881745493,0.0245387330893713,0.994023181182545,5,1,0.0748502994011976,0.0748502994011976,0,1336
"375","2020-2022","Malawi",0,0,1,1,0,0,0,0,33
"376","1990-1994","Malaysia",0.519861591695502,0.807242512648757,0.480138408304498,3,1,57.3033707865168,53.9325842696629,3.37078651685393,53.4
"377","1995-1999","Malaysia",0.512873289708507,0.757888835629129,0.487126710291493,3,1,47.1291866028708,45.6937799043062,1.43540669856459,83.6
"378","2000-2004","Malaysia",0.64150015942183,1.22804907378688,0.35849984057817,6,2,77.8350515463917,61.9845360824742,15.8505154639175,258.666666666667
"379","2005-2009","Malaysia",0.657440274859778,1.29985611623792,0.342559725140222,9,6,79.4972249428665,69.6571988246817,9.84002611818479,255.25
"380","2010-2014","Malaysia",0.703238742619589,1.49201543870938,0.296761257380411,15,11,84.9867621865753,78.0937548668432,6.89300731973213,535.083333333333
"381","1995-1999","Mali",0.31937522249911,0.611920958481795,0.68062477750089,4,0,0,0,0,212
"382","2000-2004","Mali",0.483931947069943,0.942892253143036,0.516068052930057,4,3,86.9565217391304,86.9565217391304,0,15.3333333333333
"383","2005-2009","Mali",0.444158901893108,1.04175449515353,0.555841098106892,12,6,94.4657955418909,88.2398155265181,6.22598001537279,433.666666666667
"384","2010-2014","Mali",0.482485078469137,1.28313971113581,0.517514921530863,18,11,93.0131004366812,88.2096069868996,4.80349344978166,229
"385","1995-1999","Martinique",0.236486064729565,0.605410701934555,0.763513935270435,16,8,9.8463687150838,7.89106145251397,1.95530726256983,298.333333333333
"386","2000-2004","Martinique",0.236486064729565,0.605410701934555,0.763513935270435,16,8,9.8463687150838,7.89106145251397,1.95530726256983,298.333333333333
"387","2005-2009","Martinique",0.236486064729565,0.605410701934555,0.763513935270435,16,8,9.8463687150838,7.89106145251397,1.95530726256983,298.333333333333
"388","2010-2014","Martinique",0.236486064729565,0.605410701934555,0.763513935270435,16,8,9.8463687150838,7.89106145251397,1.95530726256983,298.333333333333
"389","2015-2019","Martinique",0.236486064729565,0.605410701934555,0.763513935270435,16,8,9.8463687150838,7.89106145251397,1.95530726256983,238.666666666667
"390","2000-2004","Mauritania",0.388411045722046,0.786012555137143,0.611588954277954,5,0,0,0,0,58
"391","2005-2009","Mauritania",0.547218934911243,1.18893544560003,0.452781065088757,8,3,90.7692307692308,75.3846153846154,15.3846153846154,32.5
"392","2010-2014","Mauritania",0.547218934911243,1.18893544560003,0.452781065088757,8,3,90.7692307692308,75.3846153846154,15.3846153846154,32.5
"393","1995-1999","Mexico",0,0,1,1,0,0,0,0,65
"394","2000-2004","Mexico",0.0175083617354659,0.0505636012995804,0.982491638264534,2,0,0.883218842001963,0,0.883218842001963,339.666666666667
"395","2005-2009","Mexico",0.00238345688846653,0.0100481166952098,0.997616543111533,3,2,0.119279551508886,0.119279551508886,0,1397.27777777778
"396","2010-2014","Mexico",0.00179890230570712,0.00787420851805082,0.998201097694293,4,3,0.089071650720367,0.089071650720367,0,1496.92222222222
"397","2015-2019","Mexico",0.0162820143199802,0.0611388284324562,0.98371798568002,9,6,0.815199831657921,0.467248683999052,0.178946304510275,10058.8833333333
"398","2020-2022","Mexico",0.0179709001425183,0.0613787302644342,0.982029099857482,4,2,0.900765650803183,0.54045939048191,0.360306260321273,1665.25
"399","1995-1999","Moldova (the Republic of)",0.344607345042822,0.569445434396934,0.655392654957178,3,0,20.4819277108434,0,20.4819277108434,83
"400","2005-2009","Mongolia",0.375966686496133,0.805735114111366,0.624033313503867,5,2,12.1951219512195,12.1951219512195,0,41
"401","2010-2014","Mongolia",0.693530245977798,1.44032172810814,0.306469754022202,7,3,48.2517482517483,25.8741258741259,22.3776223776224,102.142857142857
"402","2015-2019","Mongolia",0.693530245977798,1.44032172810814,0.306469754022202,7,3,48.2517482517483,25.8741258741259,22.3776223776224,40.8571428571429
"403","1995-1999","Montenegro",0.271484375,0.511586751968587,0.728515625,3,0,0,0,0,6.85714285714286
"404","2000-2004","Montenegro",0.271484375,0.511586751968587,0.728515625,3,0,0,0,0,11.4285714285714
"405","2005-2009","Montenegro",0.271484375,0.511586751968587,0.728515625,3,0,0,0,0,11.4285714285714
"406","2010-2014","Montenegro",0.416811013417047,0.72565281909203,0.583188986582953,3,0,0,0,0,14.2857142857143
"407","2015-2019","Montenegro",0.434357943119793,0.734744843083356,0.565642056880207,3,0,0,0,0,48
"408","2000-2004","Morocco",0.36234375,0.72375071995586,0.63765625,6,1,14.9484536082474,13.4020618556701,1.54639175257732,48.5
"409","2005-2009","Morocco",0.455496742793481,0.957737769505947,0.544503257206519,10,4,19.9894514767932,19.3421557345608,0.647295742232451,347.6
"410","2010-2014","Morocco",0.418788314251455,0.814844670788843,0.581211685748545,7,2,20.3020723568669,20.3020723568669,0,94.9
"411","2015-2019","Morocco",0.358913813459268,0.655574633424339,0.641086186540732,4,1,18.1818181818182,18.1818181818182,0,11
"412","2000-2004","Mozambique",0.145556245407579,0.386917490444758,0.854443754592421,6,1,4.29594272076372,1.67064439140811,2.62529832935561,419
"413","2005-2009","Mozambique",0.0567457425146929,0.168658738414841,0.943254257485307,5,0,0.848896434634975,0,0.848896434634975,589
"414","2010-2014","Mozambique",0.0836904109282526,0.245041704600165,0.916309589071747,7,1,1.13636363636364,0.126262626262626,1.01010101010101,792
"415","1995-1999","Myanmar",0.625062863576656,1.16056854493758,0.374937136423344,4,1,35.8904109589041,22.4657534246575,13.4246575342466,91.25
"416","2000-2004","Myanmar",0.701108991747261,1.28595907540147,0.298891008252739,4,1,54.7987616099071,39.0092879256966,15.7894736842105,80.75
"417","2005-2009","Myanmar",0.702140440461828,1.47439357172133,0.297859559538172,10,6,83.0364715860899,44.9533502968617,35.1145038167939,112.285714285714
"418","2010-2014","Myanmar",0.756436841195784,1.67702901274603,0.243563158804216,11,7,84.2405391394505,46.0082944530845,37.3250388802488,183.714285714286
"419","2015-2019","Myanmar",0.660943282946868,1.228255634609,0.339056717053132,5,1,49.779086892489,45.6553755522828,0,679
"420","2005-2009","Namibia",0.112264513648597,0.261160085965529,0.887735486351403,3,1,1.96078431372549,1.96078431372549,0,51
"421","2010-2014","Namibia",0.0831758034026464,0.178844912716848,0.916824196597354,2,1,4.28571428571429,4.28571428571429,0,70
"422","2015-2019","Namibia",0.142533665303693,0.357965964932465,0.857466334696307,10,4,4.74777448071217,4.59940652818991,0,1348
"423","2015-2019","Nepal",0.150370192969136,0.402630866805765,0.849629807030864,7,2,6.77200902934537,4.28893905191874,0.677200902934537,443
"424","1980-1989","Netherlands (the)",0.582469135802469,1.20761356508001,0.417530864197531,7,1,3.33333333333333,1.11111111111111,2.22222222222222,20
"425","1990-1994","Netherlands (the)",0.582469135802469,1.20761356508001,0.417530864197531,7,1,3.33333333333333,1.11111111111111,2.22222222222222,50
"426","1995-1999","Netherlands (the)",0.350291111360316,0.864656259322563,0.649708888639684,11,3,7.07696251994678,7.06222805706952,0.0147344628772575,3016.36
"427","2000-2004","Netherlands (the)",0.402229536408885,0.964193519972284,0.597770463591115,11,3,9.69928168499655,9.69928168499655,0,4928.2
"428","2005-2009","Netherlands (the)",0.411183510064657,0.985399935360031,0.588816489935343,16,8,11.2639126712329,11.2639126712329,0,7475.2
"429","2010-2014","Netherlands (the)",0.447063571711064,1.07214470226366,0.552936428288936,19,11,12.4185827513144,12.4185827513144,0,5097.2
"430","2015-2019","Netherlands (the)",0.421613006764235,1.0072975877562,0.578386993235765,10,3,11.1426425173191,11.1426425173191,0,2396.2
"431","2020-2022","Netherlands (the)",0.405354140818261,0.970461615915593,0.594645859181739,9,3,10.7556284750706,10.7556284750706,0,438.84
"432","2000-2004","New Zealand",0.311132040703507,0.708327369618585,0.688867959296493,7,3,5.38116591928251,5.38116591928251,0,223
"433","2015-2019","Nicaragua",0.0243970034936845,0.082648086806776,0.975602996506316,5,2,0.819672131147541,0.614754098360656,0,488
"434","1995-1999","Niger (the)",0.703893996755003,1.40765080033743,0.296106003244997,6,2,47.6744186046512,40.6976744186046,6.97674418604651,86
"435","2000-2004","Niger (the)",0.648760330578512,1.21782375873786,0.351239669421488,5,2,93.9393939393939,68.1818181818182,25.7575757575758,66
"436","1995-1999","Nigeria",0.526550068587106,0.850005678493364,0.473449931412894,7,1,2.03703703703704,2.03703703703704,0,540
"437","2000-2004","Nigeria",0.593222864752434,1.20161190415376,0.406777135247566,11,4,32.1782178217822,30.8754559666493,1.30276185513288,319.833333333333
"438","2005-2009","Nigeria",0.673213797302141,1.50985225484453,0.326786202697859,24,14,62.23335030838,59.1778419057319,2.64810728229503,2945.5
"439","2010-2014","Nigeria",0.678284912464228,1.43139633317674,0.321715087535772,20,12,63.6545516989484,50.3006481789388,11.8697427454657,3494.0380952381
"440","2015-2019","Nigeria",0.64309755459443,1.30071716451879,0.35690244540557,16,8,61.1653459969084,50.0891278009108,8.92461737713593,2051.62857142857
"441","1980-1989","Norway",0.18,0.325082973391448,0.82,2,0,0,0,0,10
"442","1990-1994","Norway",0.18,0.325082973391448,0.82,2,0,0,0,0,30
"443","2000-2004","Oman",0.640625,1.35763028765524,0.359375,6,1,9.375,9.375,0,32
"444","2010-2014","Oman",0.735457063711911,1.44001533461969,0.264542936288089,5,0,0,0,0,26.2857142857143
"445","2015-2019","Oman",0.735457063711911,1.44001533461969,0.264542936288089,5,0,0,0,0,19.7142857142857
"446","2005-2009","Pakistan",0.193961882273571,0.470795364639983,0.806038117726429,5,0,2.5974025974026,0,2.5974025974026,77
"447","2010-2014","Pakistan",0.50867962902582,1.08531734885859,0.49132037097418,8,3,34.156976744186,11.6642441860465,2.28924418604651,1376
"448","2015-2019","Pakistan",0.459499940153272,1.00371329228091,0.540500059846728,8,2,20.9761163032191,14.3821391484943,6.38629283489097,321
"449","2020-2022","Pakistan",0.62,1.09480466863038,0.38,4,1,66.6666666666667,13.3333333333333,50,10
"450","2000-2004","Panama",0.0392564540481671,0.118342575111297,0.960743545951833,4,2,1.99004975124378,0.995024875621891,0.995024875621891,100.5
"451","2005-2009","Panama",0.0227075066590571,0.0814921318477197,0.977292493340943,8,4,0.947557588629309,0.424767194902794,0.522790393726515,437.214285714286
"452","2010-2014","Panama",0.0212295320785503,0.074899345402766,0.97877046792145,6,2,0.763358778625954,0.305343511450382,0.458015267175573,374.285714285714
"453","2000-2004","Papua New Guinea",0.107755102040816,0.219032521789021,0.892244897959184,2,0,0,0,0,35
"454","2010-2014","Papua New Guinea",0.0570934256055364,0.132691420839872,0.942906574394464,2,0,0,0,0,68
"455","2015-2019","Papua New Guinea",0.0126113810187007,0.0427762124238281,0.987388618981299,3,0,0,0,0,947
"456","1995-1999","Paraguay",0.244897959183674,0.410116318288409,0.755102040816326,2,0,0,0,0,13.125
"457","2000-2004","Paraguay",0.51469278188628,1.04855398516293,0.48530721811372,6,2,11.4657980456026,5.7328990228013,5.7328990228013,191.875
"458","2015-2019","Paraguay",0.376895340236686,0.769937145280941,0.623104659763314,4,0,8.17307692307692,0,0,104
"459","2020-2022","Paraguay",0.376895340236686,0.769937145280941,0.623104659763314,4,0,8.17307692307692,0,0,104
"460","1995-1999","Peru",0.03759177272848,0.104203696901024,0.96240822727152,4,0,0.16675004168751,0,0.16675004168751,599.7
"461","2000-2004","Peru",0.012788497040743,0.0440515235303018,0.987211502959257,4,0,0.195255296299912,0,0.195255296299912,1024.3
"462","2005-2009","Peru",0.0535968024024398,0.152960375164031,0.94640319759756,5,0,1.54162384378212,0,1.54162384378212,324.333333333333
"463","2010-2014","Peru",0.0485011968813122,0.155135245036034,0.951498803118688,8,2,1.57068062827225,0.724929520741039,0,331.066666666667
"464","2015-2019","Peru",0.0782470826186602,0.212251562982962,0.92175291738134,6,2,3.30820770519263,0.753768844221105,0,477.6
"465","1980-1989","Philippines (the)",0.293489977971848,0.634825168691159,0.706510022028152,5,1,9.48616600790514,9.48616600790514,0,25.3
"466","1990-1994","Philippines (the)",0.45589644594638,0.928313038644022,0.54410355405362,6,1,17.9871520342612,17.9871520342612,0,46.7
"467","1995-1999","Philippines (the)",0.519967750604676,1.03135858137381,0.480032249395324,6,1,22.2950819672131,22.2950819672131,0,122
"468","2005-2009","Philippines (the)",0.5181516228658,0.928267166149029,0.4818483771342,6,2,33.587786259542,33.587786259542,0,78.6
"469","2010-2014","Philippines (the)",0.502439758853114,0.842408416221936,0.497560241146886,7,2,37.2226787181594,35.1684470008217,0,243.4
"470","2015-2019","Philippines (the)",0.375676971345304,0.771947446320142,0.624323028654696,7,2,85.1851851851852,77.9956427015251,1.74291938997821,459
"471","1980-1989","Poland",0.23465391411023,0.587543660162647,0.76534608588977,14,9,2.36071765816808,2.36071765816808,0,40.7307692307692
"472","1990-1994","Poland",0.2073601348081,0.529502806681107,0.7926398651919,14,9,2.02582248392847,2.02582248392847,0,237.320512820513
"473","1995-1999","Poland",0.30839872204471,0.767853083295155,0.69160127795529,20,13,3.81370449543265,3.81370449543265,0,333.612277526395
"474","2000-2004","Poland",0.324916174427147,0.80495510305236,0.675083825572853,20,13,4.11026488823519,4.11026488823519,0,357.685218702866
"475","2005-2009","Poland",0.255046285151844,0.663957553250429,0.744953714848156,22,14,3.08347898447732,3.04287162898467,0.0406073554926532,820.869345686993
"476","2010-2014","Poland",0.257221899256394,0.654419239544836,0.742778100743606,22,14,2.65079083922702,2.52798252636435,0.122808312862679,1357.12854269913
"477","2015-2019","Poland",0.258937352250887,0.618688597787769,0.741062647749113,22,14,2.5295607069987,1.38646476068733,1.14309594631136,2711.93333333333
"478","2020-2022","Poland",0.426335325949226,0.973357248729086,0.573664674050774,13,7,4.44015444015444,4.44015444015444,0,20.72
"479","1995-1999","Portugal",0.666227781435155,1.35643960653722,0.333772218564845,8,0,0,0,0,144.666666666667
"480","2000-2004","Portugal",0.780480746881081,1.84145725107939,0.219519253118919,13,3,22.6683209374275,12.3790794266901,1.65955508237701,1807.71342383107
"481","2005-2009","Portugal",0.785079662776435,1.81094539830203,0.214920337223565,12,3,25.1648779538098,14.1393492492273,0.53783066851622,1859.32126696833
"482","2010-2014","Portugal",0.786546490866939,1.83736398456387,0.213453509133061,13,3,25.2358472343483,14.2479158135474,0.998902856436447,1952.14177978884
"483","2015-2019","Portugal",0.789732895441336,1.91850561309042,0.210267104558664,12,3,24.7344186625335,14.0891040943082,3.89462728105803,1733.1568627451
"484","2000-2004","Puerto Rico",0.196518642735317,0.427128894401546,0.803481357264683,7,3,10.6878306878307,0.317460317460317,7.1957671957672,270
"485","2005-2009","Puerto Rico",0.196518642735318,0.427128894401546,0.803481357264682,7,3,10.6878306878307,0.317460317460317,7.1957671957672,337.5
"486","2010-2014","Puerto Rico",0.107222600606953,0.27875171178134,0.892777399393047,10,4,5.34647175217889,0.426844198558656,3.43063616329934,719.566666666667
"487","2015-2019","Puerto Rico",0.0202737203510054,0.0761113953560672,0.979726279648995,8,3,0.605109816225908,0.504258180188256,0.100851636037651,594.933333333333
"488","1990-1994","Romania",0.375810600438523,0.810063150764048,0.624189399561477,7,1,7.51298701298701,0.681818181818182,6.83116883116883,641.666666666667
"489","1995-1999","Romania",0.374369493788585,0.817447968073969,0.625630506211415,9,3,7.39154287643484,0.765952059419311,6.62559081701553,394.933333333333
"490","2000-2004","Romania",0.0654473955244841,0.182809455452756,0.934552604475516,5,2,0.558659217877095,0.558659217877095,0,119.333333333333
"491","2005-2009","Romania",0.37951747946589,0.890920474181684,0.62048252053411,9,4,3.77171215880893,3.77171215880893,0,61.0606060606061
"492","2010-2014","Romania",0.471314746360478,1.04810420730774,0.528685253639522,10,4,18.1440807918093,13.0326358017998,5.11144499000945,391.278787878788
"493","2015-2019","Romania",0.422264542936288,0.978070240624624,0.577735457063712,9,4,3.92156862745098,3.92156862745098,0,41.7272727272727
"494","1980-1989","Russian Federation (the)",0.332576222937007,0.784369297145277,0.667423777062993,12,6,8.60341779611078,8.19092516205068,0,175.551724137931
"495","1990-1994","Russian Federation (the)",0.508003148365501,1.12741825853715,0.491996851634499,13,6,6.36293632115587,6.08151362116794,0,428.855437665782
"496","1995-1999","Russian Federation (the)",0.435856697456886,0.984640716472254,0.564143302543114,14,6,7.76812176319672,7.29803909075051,0.388531775119726,1479.93043766578
"497","2000-2004","Russian Federation (the)",0.234882818505252,0.583525234538596,0.765117181494748,14,6,4.59547169436827,4.47486213294729,0.0613627593194511,2037.0661519515
"498","2005-2009","Russian Federation (the)",0.24576393008129,0.586833800261849,0.75423606991871,14,6,3.75968582204243,3.64257688919646,0.0271150423355946,1341.08720589755
"499","2010-2014","Russian Federation (the)",0.398800915128496,0.915025157463873,0.601199084871504,16,6,12.8512283572024,9.35606371883681,3.33295600923713,3209.99972671007
"500","2015-2019","Russian Federation (the)",0.353030051391433,0.843908786051659,0.646969948608567,17,7,13.3445574903595,9.25068173704837,3.68342576704034,4931.50931597139
"501","2000-2004","Rwanda",0.434213715545576,0.833592679259895,0.565786284454424,5,1,6.11522368844544,0.225297714837464,5.88992597360798,443.857142857143
"502","2005-2009","Rwanda",0.422464956253049,0.829532991811265,0.577535043746951,6,0,10.059806145597,0,10.059806145597,865.892857142857
"503","2010-2014","Rwanda",0.415695268554756,0.833526280404941,0.584304731445244,5,1,7.26256983240224,0.74487895716946,6.51769087523278,134.25
"504","2015-2019","Saudi Arabia",0.530009233610342,1.16660403533032,0.469990766389658,7,2,5.26315789473684,5.26315789473684,0,57
"505","1990-1994","Senegal",0.752,1.66870412524678,0.248,9,3,54.6666666666667,54.6666666666667,0,75
"506","1995-1999","Senegal",0.633548685746488,1.42429166266361,0.366451314253512,14,6,30.3113553113553,27.6556776556777,2.65567765567766,546
"507","2000-2004","Senegal",0.701391314540927,1.69672864284802,0.298608685459073,14,6,62.9760609357998,59.1947769314472,3.78128400435256,612.666666666667
"508","2005-2009","Senegal",0.630011479178085,1.42693345435746,0.369988520821915,13,8,71.5719063545151,62.7508361204013,8.82107023411371,199.333333333333
"509","2010-2014","Senegal",0.751958944734919,1.7944999041929,0.248041055265081,14,8,70.6586826347305,68.4131736526946,2.24550898203593,167
"510","2015-2019","Senegal",0.485706447187929,1.10942214854493,0.514293552812071,8,2,60.3448275862069,56.8965517241379,1.72413793103448,174
"511","1995-1999","Serbia",0.166913580246914,0.392379176525953,0.833086419753086,4,2,4.44444444444444,4.44444444444444,0,33.75
"512","2000-2004","Serbia",0.153278434292412,0.411816388256134,0.846721565707588,7,2,2.19946909366705,2.19946909366705,0,131.85
"513","2005-2009","Serbia",0.151852289475812,0.408218561058531,0.848147710524188,7,2,1.99004975124378,1.99004975124378,0,201
"514","2010-2014","Serbia",0.151852289475812,0.408218561058531,0.848147710524188,7,2,1.99004975124378,1.99004975124378,0,80.4
"515","2015-2019","Sierra Leone",0.264915345337275,0.608350943823682,0.735084654662725,7,3,86.8852459016393,86.8852459016393,0,244
"516","1995-1999","Singapore",0.51307966706302,0.764510022139556,0.48692033293698,3,1,53.448275862069,53.448275862069,0,58
"517","2000-2004","Singapore",0.357530614821361,0.605868562760659,0.642469385178639,3,1,77.5280898876404,77.5280898876404,0,89
"518","2005-2009","Singapore",0.597832874196511,1.14356739666036,0.402167125803489,8,5,65.6804733727811,57.396449704142,8.28402366863905,169
"519","2010-2014","Singapore",0.490954481720871,0.684074189181393,0.509045518279129,2,1,56.7251461988304,56.7251461988304,0,171
"520","2000-2004","Slovakia",0.13399188224363,0.372041415982024,0.86600811775637,7,3,2.0979020979021,2.0979020979021,0,28.6
"521","2005-2009","Slovakia",0.164077088756225,0.458038775923844,0.835922911243775,10,5,3.75664893617021,3.75664893617021,0,150.4
"522","2010-2014","Slovakia",0.253279320987654,0.623926483619265,0.746720679012346,8,4,9.02777777777778,9.02777777777778,0,108
"523","1980-1989","Slovenia",0.244338933528123,0.543181734940559,0.755661066471877,5,1,1.35135135135135,1.35135135135135,0,24.6666666666667
"524","1990-1994","Slovenia",0.244338933528123,0.543181734940559,0.755661066471877,5,1,1.35135135135135,1.35135135135135,0,30.8333333333333
"525","1995-1999","Slovenia",0.278821956668345,0.69254100337841,0.721178043331655,8,2,10.5077574047955,5.99435825105783,4.51339915373766,70.9
"526","2000-2004","Slovenia",0.273791757755152,0.655464247702367,0.726208242244848,9,2,12.7608324230457,3.23782315211607,7.4279472313251,350.029411764706
"527","2005-2009","Slovenia",0.210128731588365,0.528209792859336,0.789871268411635,10,2,7.82968033204689,0.67052598364038,4.88968178839292,323.129411764706
"528","2010-2014","Slovenia",0.265201434003224,0.628345344235936,0.734798565996776,10,2,7.66391334604097,0.771534900608151,4.62920940364891,324.029411764706
"529","2015-2019","Slovenia",0.30300147121819,0.644772583491932,0.69699852878181,5,1,7.18599033816425,1.02657004830918,6.15942028985507,97.4117647058823
"530","1980-1989","South Africa",0.569597721609114,0.92758320943597,0.430402278390886,3,0,0,0,0,28.9090909090909
"531","1990-1994","South Africa",0.384835465276549,0.699645090971608,0.615164534723451,4,0,0,0,0,59.7575757575758
"532","1995-1999","South Africa",0.113304488912926,0.250514852012788,0.886695511087074,3,0,0,0,0,401.333333333333
"533","2000-2004","South Africa",0.0409711800680419,0.12557560388952,0.959028819931958,8,1,0.192343859529142,0.0769375438116569,0.115406315717485,1299.75555555556
"534","2005-2009","South Africa",0.0787482554580737,0.216003470048141,0.921251744541926,12,2,0.270421248501597,0.0666140318889565,0.153846692695923,6004.74087301587
"535","2010-2014","South Africa",0.059182571084782,0.16703352692198,0.940817428915218,9,2,0.219768809816144,0.0616379967430923,0.158130813073052,6489.50357142857
"536","2015-2019","South Africa",0.0155096976132341,0.0597240096975388,0.984490302386766,8,1,0.375234521575985,0.0375234521575985,0.150093808630394,2665
"537","2010-2014","South Sudan",0.766111111111111,1.59886333591863,0.233888888888889,6,0,9.23076923076923,0,0,65
"538","2015-2019","South Sudan",0.763186342957524,1.61752565728565,0.236813657042476,9,2,18.1208053691275,1.34228187919463,0,298
"539","1980-1989","Spain",0.626527840651879,1.23388246579376,0.373472159348121,7,0,0,0,0,38.6714285714286
"540","1990-1994","Spain",0.321655218817798,0.803146474649458,0.678344781182202,16,8,2.16662029119627,1.96965481017843,0.196965481017843,253.851587301587
"541","1995-1999","Spain",0.24944841202534,0.681565945952136,0.75055158797466,29,20,4.1405589343939,3.42877299504511,0.711785939348795,2618.94325396825
"542","2000-2004","Spain",0.172216378609005,0.512902269391676,0.827783621390995,40,29,4.90330768558455,4.46175755040739,0.389869128032857,10202.4468253968
"543","2005-2009","Spain",0.273813350205586,0.791659279931108,0.726186649794414,45,34,8.66533239174312,7.0077398422013,1.42950354108342,11558.4861111111
"544","2010-2014","Spain",0.315496081213429,0.880106168292918,0.684503918786571,42,31,9.10230207952986,6.84000950815926,2.0279555017377,11250.3055555556
"545","2015-2019","Spain",0.274948246966845,0.743431755625914,0.725051753033155,28,19,7.69253776341071,5.03689604264819,2.65564172076252,3980.29523809524
"546","2015-2019","Sri Lanka",0.666057003505563,1.50588277628016,0.333942996494437,8,2,12.9411764705882,5.88235294117647,7.05882352941176,85
"547","1995-1999","Sudan (the)",0.644444444444444,1.23193386700604,0.355555555555556,5,0,10,0,10,30
"548","2010-2014","Sudan (the)",0.7,1.37051517428796,0.3,5,0,0,0,0,25
"549","2005-2009","Suriname",0.0959085807570657,0.199999657250238,0.904091419242934,2,0,5.05050505050505,0,5.05050505050505,99
"550","2015-2019","Suriname",0.0540123456790125,0.126930545341402,0.945987654320988,2,0,2.77777777777778,0,2.77777777777778,72
"551","1980-1989","Sweden",0.189706974231509,0.42234818905931,0.810293025768491,5,1,0.489396411092985,0.489396411092985,0,437.857142857143
"552","1990-1994","Sweden",0.473770998917448,1.02694131832891,0.526229001082552,13,4,1.83946488294314,0.99811872909699,0.841346153846154,227.809523809524
"553","1995-1999","Sweden",0.773974558653263,1.72194945033008,0.226025441346737,13,4,8.59375,6.22944078947368,2.36430921052632,202.666666666667
"554","2000-2004","Sweden",0.73889391901475,1.66441563224187,0.26110608098525,13,6,26.9648741498983,24.8790577017458,0.234873448783566,1188.58333333333
"555","2005-2009","Sweden",0.754698660432671,1.68934480089558,0.245301339567329,13,6,32.859635067648,30.7594396483951,0.123540907014877,1854.98611111111
"556","2010-2014","Sweden",0.803361424878396,1.75948205351547,0.196638575121604,13,6,40.3828352328396,28.4570665689766,0.141986607773982,1614.00198412698
"557","2015-2019","Sweden",0.81634560379603,1.79653224663195,0.18365439620397,10,4,41.410537870472,28.003224478595,2.86944291986828,694.095238095238
"558","1980-1989","Switzerland",0.426524104347511,1.07151941060641,0.573475895652489,32,21,12.072297922136,10.6836951297368,1.38378176218881,1296.40340909091
"559","1990-1994","Switzerland",0.426524104347511,1.07151941060641,0.573475895652489,32,21,12.072297922136,10.6836951297368,1.38378176218881,3241.00852272727
"560","1995-1999","Switzerland",0.428251680268917,1.0856770141669,0.571748319731083,32,21,12.2059500648097,10.9660358643932,1.23142624059996,3804.40852272727
"561","2000-2004","Switzerland",0.479822098819975,1.22756354792625,0.520177901180025,34,22,15.5215973058586,12.6533239510963,0.631336072695576,7103.74185606061
"562","2005-2009","Switzerland",0.482331187862335,1.22869221275839,0.517668812137665,34,22,15.3200031628423,12.2653003406276,0.661548463132311,6779.31963383838
"563","2010-2014","Switzerland",0.460052974543906,1.17284898565646,0.539947025456094,34,22,14.0022494847096,11.5510209892753,0.958686146546594,4678.11963383838
"564","2015-2019","Switzerland",0.428377691418893,1.08209606163572,0.571622308581107,32,21,12.2949987030542,10.6982671009033,1.34258692725906,3340.45296717172
"565","2020-2022","Switzerland",0.42667989040032,1.07168473276501,0.57332010959968,31,21,12.0500562429696,10.6627296587927,1.38732658417698,646.545454545455
"566","1990-1994","Taiwan (Province of China)",0.442506939371804,0.879518428664927,0.557493060628196,7,1,23.3513513513514,20.1081081081081,3.24324324324324,231.25
"567","1995-1999","Taiwan (Province of China)",0.456587475137639,0.871825721494287,0.543412524862361,7,1,25.6739409499358,23.3632862644416,2.31065468549422,194.75
"568","2005-2009","Taiwan (Province of China)",0.109827802197414,0.233775504073039,0.890172197802586,3,1,5.50580032457775,5.50580032457775,0,369.711111111111
"569","2010-2014","Taiwan (Province of China)",0.12810082069047,0.266970888382422,0.87189917930953,3,1,6.36107225572703,6.36107225572703,0,969.088888888889
"570","2015-2019","Taiwan (Province of China)",0.166675530948885,0.399493485793142,0.833324469051115,6,2,8.25740318906606,7.6879271070615,0,351.2
"571","2015-2019","Tajikistan",0.534293552812071,0.910723354013783,0.465706447187929,4,2,61.1111111111111,61.1111111111111,0,54
"572","1980-1989","Tanzania, the United Republic of",0.608235859637879,1.00729557651619,0.391764140362121,3,0,0,0,0,18.8095238095238
"573","1990-1994","Tanzania, the United Republic of",0.608235859637879,1.00729557651619,0.391764140362121,3,0,0,0,0,18.8095238095238
"574","1995-1999","Tanzania, the United Republic of",0.739120427664107,1.36534489172013,0.260879572335893,4,0,23.0719190458981,0,23.0719190458981,658.809523809524
"575","2000-2004","Tanzania, the United Republic of",0.649287305906354,1.14625839779523,0.350712694093646,4,0,31.8998418455769,0,31.8998418455769,1257.05952380952
"576","2005-2009","Tanzania, the United Republic of",0.717870889254242,1.40573456350171,0.282129110745758,8,3,13.1500325222971,2.59296415932618,10.5570683629709,1079.84523809524
"577","2010-2014","Tanzania, the United Republic of",0.687082727486017,1.37635422581873,0.312917272513983,11,4,5.74388866422167,2.65998242947386,2.3183333100919,1365.92380952381
"578","2015-2019","Tanzania, the United Republic of",0.67879005967014,1.31061631934193,0.32120994032986,9,3,11.3456464379947,0.362150137099695,1.67494438408609,736.342857142857
"579","2020-2022","Tanzania, the United Republic of",0.674503999316843,1.21576611065713,0.325496000683157,4,0,16.8269230769231,0,16.8269230769231,166.4
"580","1980-1989","Thailand",0.370082124540346,0.627176327747941,0.629917875459654,3,1,78.6727272727273,76.0545454545454,2.61818181818182,261.904761904762
"581","1990-1994","Thailand",0.228492061880898,0.428671094963546,0.771507938119102,3,1,88.26008598194,86.9084048285055,1.35168115343458,2536.52380952381
"582","1995-1999","Thailand",0.306040145523031,0.562616368504795,0.693959854476969,11,3,83.2732112437295,81.5458937732973,1.42503691310652,5375.8005952381
"583","2000-2004","Thailand",0.141875479308047,0.340302138625645,0.858124520691953,11,3,93.0700586365824,92.030294006933,0.595542421160858,11124.3125
"584","2005-2009","Thailand",0.16160635840304,0.385899577000939,0.83839364159696,12,4,92.459766009424,91.1985601433066,0.717763388571228,10447.7990079365
"585","2010-2014","Thailand",0.166847728840863,0.395956748294062,0.833152271159137,13,5,92.9860525447553,91.5654400286783,1.31327892636712,9834.34503968254
"586","2015-2019","Thailand",0.316959490253282,0.702611036513174,0.683040509746718,7,2,91.5727196496786,82.139196869468,8.29218298704929,613.314285714286
"587","2005-2009","Togo",0.630035752283641,1.34789997334285,0.369964247716359,8,5,76.9898697539797,67.0043415340087,9.98552821997106,230.333333333333
"588","2010-2014","Togo",0.568435591457728,1.28853860044362,0.431564408542272,14,5,69.1644908616188,61.4882506527415,4.30809399477807,1276.66666666667
"589","2015-2019","Togo",0.57805098376187,1.23592746879705,0.42194901623813,11,5,78.0913978494624,76.0752688172043,2.01612903225806,248
"590","1980-1989","Trinidad and Tobago",0,0,1,1,0,0,0,0,14.4666666666667
"591","1990-1994","Trinidad and Tobago",0,0,1,1,0,0,0,0,33
"592","1995-1999","Trinidad and Tobago",0,0,1,1,0,0,0,0,62.8666666666667
"593","2000-2004","Trinidad and Tobago",0.0365726630917018,0.0926723644610774,0.963427336908298,2,0,1.86335403726708,0,1.86335403726708,53.6666666666667
"594","1995-1999","Tunisia",0.090702947845805,0.191444081957717,0.909297052154195,2,1,4.76190476190476,4.76190476190476,0,21
"595","2010-2014","Tunisia",0.593308984660336,1.17622070144126,0.406691015339664,12,5,43.5233160621762,41.9689119170984,1.55440414507772,144.75
"596","2015-2019","Tunisia",0.593308984660336,1.17622070144126,0.406691015339664,12,5,43.5233160621762,41.9689119170984,1.55440414507772,48.25
"597","2000-2004","Turkey",0.474622770919067,0.967103073050188,0.525377229080933,5,0,0,0,0,27
"598","2005-2009","Turkey",0.69280064544413,1.6844492541216,0.30719935455587,13,6,36.5642994241843,34.2610364683301,2.30326295585413,86.8333333333333
"599","2010-2014","Turkey",0.647906235687394,1.71741675690875,0.352093764312606,23,14,31.8383829750865,23.5481389684202,4.24768172300329,1671.5
"600","2015-2019","Turkey",0.555687813059337,1.40932282824802,0.444312186940663,18,10,22.2744360902256,18.5321257689679,0,278.666666666667
"601","1980-1989","Uganda",0.576787874401629,0.980838075960268,0.423212125598371,4,0,3.02114803625378,0,3.02114803625378,55.1666666666667
"602","1990-1994","Uganda",0.57168965949155,1.08188419113583,0.42831034050845,5,0,11.9244320252703,0,5.07228769286842,1371.83333333333
"603","1995-1999","Uganda",0.555526580923226,0.911345099301764,0.444473419076774,4,0,4.8471817628943,0,4.8471817628943,3429.53333333333
"604","2000-2004","Uganda",0.64350386849387,1.24212725978298,0.35649613150613,12,4,9.79354520379882,0.630099415685586,6.53636462641883,4285.0380952381
"605","2005-2009","Uganda",0.603503847374237,1.14832004446233,0.396496152625763,9,3,9.06181044332226,0.512833930767419,3.07177058531097,2729.92857142857
"606","2010-2014","Uganda",0.651064749942998,1.27470351637376,0.348935250057002,8,1,15.4835622719751,2.40036683346957,8.51173269004565,2388.52380952381
"607","2015-2019","Uganda",0.599830636893019,1.20996046095249,0.400169363106981,10,3,8.4114106767138,0.150707050937026,5.14870088564858,2432.97619047619
"608","1995-1999","Ukraine",0.598639455782313,1.16068634838789,0.401360544217687,6,0,0,0,0,42
"609","2000-2004","Ukraine",0.407892846883079,0.717049867726368,0.592107153116921,5,0,0.847457627118644,0,0.847457627118644,236
"610","2005-2009","Ukraine",0.240951865873445,0.489032337214944,0.759048134126555,4,2,3.72093023255814,3.72093023255814,0,215
"611","2010-2014","Ukraine",0.147644052819441,0.279414654808672,0.852355947180559,2,0,0,0,0,708
"612","2015-2019","Ukraine",0.0905110148814297,0.19112624312389,0.90948898511857,2,0,0,0,0,449
"613","1980-1989","United Kingdom of Great Britain and Northern Ireland (the)",0.0909421119473744,0.258795497468034,0.909057888052626,6,2,2.68347847343833,1.04487895737089,1.63859951606745,2871.14596273292
"614","1990-1994","United Kingdom of Great Britain and Northern Ireland (the)",0.0823742142768429,0.238012908233059,0.917625785723157,6,2,2.40116654300581,0.932848132130953,1.46831841087486,1607.97877846791
"615","1995-1999","United Kingdom of Great Britain and Northern Ireland (the)",0.422547828988098,0.988104483097841,0.577452171011902,22,12,5.65422316303733,3.33894776527283,2.3152753977645,7318.50655624569
"616","2000-2004","United Kingdom of Great Britain and Northern Ireland (the)",0.685316717920239,1.51086123741377,0.314683282079761,25,14,10.7304856592497,4.20041067849575,3.51734567194394,51182.8260006901
"617","2005-2009","United Kingdom of Great Britain and Northern Ireland (the)",0.700300447578423,1.56548952143691,0.299699552421577,28,17,15.3504686809271,4.97037114901568,6.2025042763444,71811.682384403
"618","2010-2014","United Kingdom of Great Britain and Northern Ireland (the)",0.689267945317043,1.60528802559718,0.310732054682957,31,23,18.1021240070616,7.32938828799419,5.62070871065746,14402.0984126984
"619","2015-2019","United Kingdom of Great Britain and Northern Ireland (the)",0.751703052002696,1.68798909248754,0.248296947997304,14,7,17.9793938936483,17.5038683624561,0.47552553119221,1261.7619047619
"620","1980-1989","United States of America (the)",0.0327777777777776,0.0847660757148098,0.967222222222222,2,0,0,0,0,12
"621","1990-1994","United States of America (the)",0.265080677861865,0.679764725455371,0.734919322138135,13,4,6.99937630733705,3.2128284689416,3.78654783839545,211.274235568353
"622","1995-1999","United States of America (the)",0.0608609401180213,0.198841591771685,0.939139059881979,20,10,1.14020764118643,0.948367861165496,0.184046694847438,6415.94424888837
"623","2000-2004","United States of America (the)",0.0881282899114108,0.28208210712608,0.911871710088589,39,29,2.07011141435603,1.21793977621619,0.689539617150642,14757.2414423811
"624","2005-2009","United States of America (the)",0.0910719617040556,0.293380982752462,0.908928038295944,39,29,2.22443270170608,1.72485716951093,0.118813955730054,74456.0421857554
"625","2010-2014","United States of America (the)",0.0895863012138105,0.287230888124811,0.910413698786189,40,30,2.05445591084495,1.74035393258419,0.0863013061961059,114134.86959609
"626","2015-2019","United States of America (the)",0.0568084121916084,0.186060924141408,0.943191587808392,21,11,1.00188515685373,0.876421066380377,0.119726660646731,69717.6282913165
"627","1980-1989","Uruguay",0.751167781845727,1.4562196792214,0.248832218154273,5,2,67.4157303370787,37.0786516853933,30.3370786516854,5.23529411764706
"628","1990-1994","Uruguay",0.751167781845727,1.4562196792214,0.248832218154273,5,2,67.4157303370787,37.0786516853933,30.3370786516854,26.1764705882353
"629","1995-1999","Uruguay",0.708006593708128,1.41532420268677,0.291993406291872,6,2,24.5692405871091,10.5296745373325,14.0395660497766,92.1764705882353
"630","2000-2004","Uruguay",0.712010575513374,1.41129673896135,0.287989424486626,6,2,27.0581462291307,9.49913644214162,17.5590097869891,102.176470588235
"631","2005-2009","Uruguay",0.751167781845727,1.4562196792214,0.248832218154273,5,2,67.4157303370787,37.0786516853933,30.3370786516854,5.23529411764706
"632","2015-2019","Uruguay",0.568899464604402,1.00146624381496,0.431100535395598,4,0,32.1951219512195,0,0,205
"633","1995-1999","Uzbekistan",0.437777777777778,0.715513930807803,0.562222222222222,3,0,0,0,0,15
"634","2000-2004","Uzbekistan",0.256040850836597,0.532888330550034,0.743959149163403,5,1,10.8490566037736,9.90566037735849,0.943396226415094,212
"635","2015-2019","Uzbekistan",0.521966923368262,0.808380171005547,0.478033076631738,5,2,50,50,0,178
"636","1995-1999","Venezuela (Bolivarian Republic of)",0.0165277777777777,0.0481942787797793,0.983472222222222,2,1,0.833333333333333,0.833333333333333,0,120
"637","2000-2004","Venezuela (Bolivarian Republic of)",0.00942273192159993,0.033309713371851,0.9905772680784,3,1,0.235294117647059,0.235294117647059,0,141.666666666667
"638","2005-2009","Venezuela (Bolivarian Republic of)",0.0363991797367945,0.119283235748003,0.963600820263205,6,4,1.64092664092664,1.64092664092664,0,345.333333333333
"639","1995-1999","Viet Nam",0.0744758565271386,0.183396944842737,0.925524143472861,3,1,96.1538461538462,96.1538461538462,0,234
"640","2000-2004","Viet Nam",0.0210158718758977,0.0658393784700908,0.978984128124102,3,1,99.3657505285412,98.7315010570825,0.634249471458774,473
"641","2005-2009","Viet Nam",0.0248383661341952,0.0826746242319379,0.975161633865805,6,2,98.7294678175963,98.5265355940179,0.0441157007779069,2266.76666666667
"642","2010-2014","Viet Nam",0.0232575733155962,0.0712064799941275,0.976742426684404,3,1,99.9155662921875,99.5356146070314,0,1421.23333333333
"643","2015-2019","Viet Nam",0.0650428130880245,0.191874850013159,0.934957186911975,7,3,98.5212569316081,97.0425138632163,0,1082
"644","2000-2004","Yemen",0.659279778393352,1.26486674903411,0.340720221606648,5,0,5.26315789473684,0,5.26315789473684,19
"645","1995-1999","Zambia",0.062729892273846,0.176988105974653,0.937270107726154,5,0,0,0,0,715.6
"646","2000-2004","Zambia",0.117450901099936,0.320225192951097,0.882549098900064,6,0,1.02511532547412,0,1.02511532547412,130.066666666667
"647","2005-2009","Zambia",0.067645015353471,0.210615267807683,0.932354984646529,10,2,0.958429369724908,0.646691097219228,0.311738272505679,2010.23333333333
"648","2010-2014","Zambia",0.0376345577608385,0.123882026248659,0.962365442239162,6,0,0.518326545723806,0,0.518326545723806,270.1
"649","2015-2019","Zambia",0.100621418144464,0.260337523692092,0.899378581855536,7,1,4.04411764705882,0.367647058823529,0,544
"650","2020-2022","Zambia",0.0404391067742541,0.113243084117332,0.959560893225746,3,0,0,0,0,73
"651","1990-1994","Zimbabwe",0,0,1,1,0,0,0,0,9.75
"652","1995-1999","Zimbabwe",0,0,1,1,0,0,0,0,148.351136363636
"653","2000-2004","Zimbabwe",0.62831197478929,1.19127935042773,0.37168802521071,10,7,4.45503404148995,4.45503404148995,0,695.842045454545
"654","2005-2009","Zimbabwe",0.00528450466745056,0.0200411430672107,0.994715495332549,3,0,0,0,0,1133.05681818182
"655","2010-2014","Zimbabwe",0.00400176884608683,0.0157276905611733,0.995998231153913,3,0,0,0,0,1497
"656","2015-2019","Zimbabwe",0,0,1,1,0,0,0,0,976
"657","2020-2022","Zimbabwe",0,0,1,1,0,0,0,0,62
